show_id,type,title,director,cast,country,date_added,release_year,rating,duration,listed_in,description
s1,Movie,The Secret Island 1,Sarah Wilson,Sneha Mehta; Noah Brown; Lucas Brown,United States,April 08 2023,2023,TV-Y7,77 min,"Kids' TV, Action & Adventure","A kids' tv, action & adventure story about love and unexpected challenges."
s2,Movie,Broken Dreams 2,Raj Mehta,Riya Lee; Karan Martin; Lucas Sen,United Kingdom,May 19 2024,2024,G,95 min,Dramas,A dramas story about adventure and unexpected challenges.
s3,Movie,The Last Signal 3,Sarah Wilson,Daniel Singh; Emma Wilson; Ananya Roy,India,April 22 2022,2021,TV-14,164 min,"Action & Adventure, Dramas","A action & adventure, dramas story about adventure and unexpected challenges."
s4,Movie,The Secret Island 4,Anil Sharma,Karan Mehta; Aarav Smith; Rohan Smith,France,August 11 2025,2011,TV-PG,155 min,"Horror Movies, Stand-Up Comedy","A horror movies, stand-up comedy story about ambition and unexpected challenges."
s5,Movie,Hidden Truth 5,Ravi Kumar,Sophia Khan; Arjun Sharma; Arjun Das,Italy,May 26 2018,2002,G,88 min,Comedies,A comedies story about love and unexpected challenges.
s6,Movie,The Secret Island 6,Raj Mehta,Lucas Gupta; Aditi Johnson; Aditya Martin,Canada,December 12 2021,2005,R,104 min,"Comedies, Thrillers","A comedies, thrillers story about love and unexpected challenges."
s7,Movie,Final Mission 7,Emma Carter,Rahul Sharma; Lucas Johnson; Ishita Wilson,Australia,April 17 2021,2021,TV-MA,132 min,"Crime TV Shows, Thrillers","A crime tv shows, thrillers story about ambition and unexpected challenges."
s8,Movie,The Last Journey 8,Ravi Kumar,Aditi Das; Ishita Johnson; Priya Thomas,Canada,August 27 2024,2022,TV-MA,112 min,"International TV Shows, Sci-Fi & Fantasy","A international tv shows, sci-fi & fantasy story about love and unexpected challenges."
s9,TV Show,The Last Chapter 9,Sarah Wilson,Rohan Singh; Vikram Sharma; Sneha Thomas,United Kingdom,November 25 2018,2007,TV-Y,2 Seasons,Kids' TV,A kids' tv story about mystery and unexpected challenges.
s10,TV Show,The Investigation 10,Sarah Wilson,Vikram Patel; Lucas Thomas; Riya Patel,Germany,August 20 2021,2021,TV-MA,4 Seasons,"Dramas, Horror Movies","A dramas, horror movies story about mystery and unexpected challenges."
s11,Movie,The Last Journey 11,Raj Mehta,Meera Das; Riya Singh; Mia Thomas,South Korea,January 16 2018,2002,TV-PG,160 min,Children & Family Movies,A children & family movies story about family and unexpected challenges.
s12,Movie,The Secret Island 12,John Smith,Ananya Patel; Daniel Thomas; Daniel Sen,Australia,June 03 2022,2013,TV-Y,111 min,"Crime TV Shows, Thrillers","A crime tv shows, thrillers story about friendship and unexpected challenges."
s13,TV Show,Young Hearts 13,Unknown,Meera Wilson; Emma Thomas; Karan Gupta,India,October 17 2019,2009,TV-Y7,1 Seasons,Horror Movies,A horror movies story about adventure and unexpected challenges.
s14,TV Show,City Lights 14,Raj Mehta,Meera Thomas; Meera Sen; Lucas Brown,United States,July 22 2019,2001,TV-PG,1 Seasons,"Crime TV Shows, Documentaries","A crime tv shows, documentaries story about mystery and unexpected challenges."
s15,Movie,Shadow Hunter 15,Ravi Kumar,Ananya Gupta; Aditya Thomas; Olivia Martin,United Kingdom,April 16 2025,2022,TV-14,180 min,"Sci-Fi & Fantasy, Stand-Up Comedy","A sci-fi & fantasy, stand-up comedy story about friendship and unexpected challenges."
s16,TV Show,The Last Chapter 16,Michael Brown,Sophia Thomas; Sneha Mehta; Noah Sharma,Australia,May 22 2025,2006,G,3 Seasons,"Sports Movies, Horror Movies","A sports movies, horror movies story about mystery and unexpected challenges."
s17,Movie,The Last Journey 17,John Smith,Rahul Brown; Neha Gupta; Rahul Singh,United States,March 26 2019,2009,TV-MA,143 min,Sci-Fi & Fantasy,A sci-fi & fantasy story about love and unexpected challenges.
s18,TV Show,Future World 18,David Lee,Aarav Wilson; Neha Khan; Ishita Mehta,United States,March 18 2019,2013,TV-PG,7 Seasons,Horror Movies,A horror movies story about love and unexpected challenges.
s19,TV Show,Life in Mumbai 19,Priya Das,Ananya Johnson; Rahul Smith; Mia Thomas,United Kingdom,April 18 2025,2002,TV-MA,7 Seasons,"International Movies, Crime TV Shows","A international movies, crime tv shows story about family and unexpected challenges."
s20,Movie,A New Beginning 20,Anil Sharma,Ananya Sen; Vikram Patel; Ishita Smith,India,April 19 2024,2013,NR,90 min,Sci-Fi & Fantasy,A sci-fi & fantasy story about ambition and unexpected challenges.
s21,Movie,The Silent City 21,Daniel Martin,Kabir Khan; Emma Lee; Ishita Smith,South Korea,June 07 2018,2011,TV-Y7,116 min,Stand-Up Comedy,A stand-up comedy story about family and unexpected challenges.
s22,Movie,Midnight Road 22,David Lee,Lucas Mehta; Ishita Gupta; Rohan Khan,United States,March 13 2024,2018,TV-14,166 min,"Comedies, Thrillers","A comedies, thrillers story about family and unexpected challenges."
s23,Movie,Beyond the Horizon 23,Sofia Garcia,Aditya Thomas; Aditya Mehta; Karan Das,United States,December 05 2022,2020,R,173 min,Stand-Up Comedy,A stand-up comedy story about ambition and unexpected challenges.
s24,Movie,Shadow Hunter 24,David Lee,Ananya Johnson; Sneha Johnson; Emma Sen,United States,November 22 2021,2008,TV-MA,147 min,International TV Shows,A international tv shows story about love and unexpected challenges.
s25,Movie,Lost Memories 25,Priya Das,Sophia Sharma; Emma Thomas; Karan Sharma,India,September 22 2025,2025,TV-MA,151 min,Romantic Movies,A romantic movies story about mystery and unexpected challenges.
s26,TV Show,Young Hearts 26,Arjun Roy,Daniel Das; Meera Smith; Meera Sharma,Australia,January 17 2021,2012,TV-Y7,2 Seasons,"Horror Movies, Documentaries","A horror movies, documentaries story about adventure and unexpected challenges."
s27,Movie,Summer Rain 27,Sofia Garcia,Daniel Thomas; Karan Brown; Karan Das,Canada,March 07 2020,2001,PG,138 min,"Documentaries, Crime TV Shows","A documentaries, crime tv shows story about ambition and unexpected challenges."
s28,Movie,Hidden Truth 28,Nina Patel,Ananya Johnson; Mia Sharma; Neha Sharma,United States,February 06 2023,2023,PG-13,140 min,Comedies,A comedies story about love and unexpected challenges.
s29,Movie,Ocean Mystery 29,Ravi Kumar,Lucas Patel; Noah Das; Emma Sen,India,June 01 2025,2021,PG-13,179 min,"Sci-Fi & Fantasy, International Movies","A sci-fi & fantasy, international movies story about friendship and unexpected challenges."
s30,TV Show,World of Dreams 30,Daniel Martin,Olivia Lee; Karan Lee; Mia Gupta,United States,August 02 2023,2022,NR,6 Seasons,Kids' TV,A kids' tv story about family and unexpected challenges.
s31,TV Show,Code Breakers 31,David Lee,Ishita Smith; Daniel Mehta; Olivia Smith,Japan,February 15 2018,2002,R,7 Seasons,"Kids' TV, Stand-Up Comedy","A kids' tv, stand-up comedy story about love and unexpected challenges."
s32,TV Show,The Family House 32,Unknown,Noah Gupta; Noah Gupta; Priya Brown,United Kingdom,August 23 2023,2010,TV-Y,7 Seasons,Dramas,A dramas story about family and unexpected challenges.
s33,Movie,Beyond the Horizon 33,Nina Patel,Aditi Lee; Kabir Wilson; Lucas Mehta,South Korea,June 04 2019,2005,TV-PG,158 min,Comedies,A comedies story about ambition and unexpected challenges.
s34,Movie,Broken Dreams 34,Emma Carter,Neha Sen; Aditi Mehta; Sneha Roy,United States,January 09 2018,2004,TV-Y7,112 min,Thrillers,A thrillers story about ambition and unexpected challenges.
s35,Movie,The Secret Island 35,Anil Sharma,Vikram Das; Meera Sen; Arjun Das,United States,October 04 2020,2018,TV-Y,116 min,Sports Movies,A sports movies story about friendship and unexpected challenges.
s36,Movie,Final Mission 36,Sarah Wilson,Rohan Patel; Priya Gupta; Arjun Brown,South Korea,April 15 2025,2009,TV-MA,168 min,Stand-Up Comedy,A stand-up comedy story about mystery and unexpected challenges.
s37,TV Show,City Lights 37,Anil Sharma,Aditya Lee; Karan Singh; Aditya Wilson,Canada,August 05 2022,2014,R,4 Seasons,Dramas,A dramas story about friendship and unexpected challenges.
s38,TV Show,Future World 38,Unknown,Sneha Martin; Emma Smith; Aarav Lee,South Korea,December 04 2021,2010,R,5 Seasons,"International Movies, Children & Family Movies","A international movies, children & family movies story about family and unexpected challenges."
s39,Movie,The Silent City 39,Sarah Wilson,Ananya Gupta; Liam Smith; Aarav Lee,India,May 15 2025,2018,TV-Y,127 min,Thrillers,A thrillers story about friendship and unexpected challenges.
s40,Movie,A New Beginning 40,Priya Das,Kabir Khan; Ishita Khan; Lucas Gupta,United States,June 21 2021,2006,TV-Y7,107 min,Sports Movies,A sports movies story about adventure and unexpected challenges.
s41,Movie,Final Mission 41,John Smith,Aarav Thomas; Aditya Martin; Liam Patel,United States,January 13 2023,2018,TV-Y7,93 min,"International Movies, Romantic Movies","A international movies, romantic movies story about mystery and unexpected challenges."
s42,Movie,Hidden Truth 42,David Lee,Neha Patel; Meera Roy; Aarav Brown,Italy,August 01 2024,2017,TV-Y,141 min,"International TV Shows, Horror Movies","A international tv shows, horror movies story about ambition and unexpected challenges."
s43,Movie,Summer Rain 43,Arjun Roy,Ananya Singh; Rahul Gupta; Noah Martin,United States,July 10 2019,2015,G,107 min,Thrillers,A thrillers story about friendship and unexpected challenges.
s44,Movie,Lost Memories 44,Michael Brown,Rahul Das; Priya Thomas; Vikram Roy,Spain,October 22 2021,2002,TV-Y7,155 min,"Documentaries, Crime TV Shows","A documentaries, crime tv shows story about family and unexpected challenges."
s45,Movie,A New Beginning 45,Priya Das,Aditya Roy; Liam Das; Kabir Gupta,Mexico,April 09 2021,2020,PG,108 min,Horror Movies,A horror movies story about mystery and unexpected challenges.
s46,Movie,Lost Memories 46,Emma Carter,Daniel Johnson; Noah Sen; Meera Thomas,India,January 19 2023,2021,PG-13,110 min,Crime TV Shows,A crime tv shows story about ambition and unexpected challenges.
s47,Movie,Final Mission 47,Sarah Wilson,Ananya Lee; Olivia Patel; Arjun Singh,United States,February 09 2020,2012,NR,140 min,Documentaries,A documentaries story about adventure and unexpected challenges.
s48,TV Show,Code Breakers 48,Ravi Kumar,Lucas Das; Ishita Khan; Daniel Mehta,France,January 15 2024,2024,TV-Y7,3 Seasons,"Crime TV Shows, Kids' TV","A crime tv shows, kids' tv story about friendship and unexpected challenges."
s49,Movie,Broken Dreams 49,Raj Mehta,Neha Thomas; Rohan Sharma; Liam Johnson,United Kingdom,July 14 2025,2025,PG-13,81 min,Crime TV Shows,A crime tv shows story about ambition and unexpected challenges.
s50,Movie,Hidden Truth 50,Emma Carter,Aditya Roy; Arjun Das; Kabir Wilson,India,July 15 2025,2022,TV-Y7,78 min,International Movies,A international movies story about mystery and unexpected challenges.
s51,Movie,Hidden Truth 51,Raj Mehta,Meera Singh; Daniel Mehta; Noah Sen,Canada,September 10 2025,2023,TV-Y,177 min,"Kids' TV, Stand-Up Comedy","A kids' tv, stand-up comedy story about ambition and unexpected challenges."
s52,Movie,The Last Signal 52,David Lee,Mia Singh; Ishita Khan; Rahul Mehta,United States,August 14 2024,2005,TV-Y7,85 min,"Sports Movies, Horror Movies","A sports movies, horror movies story about friendship and unexpected challenges."
s53,Movie,The Great Escape 53,Sarah Wilson,Daniel Johnson; Arjun Wilson; Priya Das,United States,January 09 2024,2014,TV-PG,94 min,"Documentaries, International Movies","A documentaries, international movies story about mystery and unexpected challenges."
s54,Movie,The Great Escape 54,,Rahul Roy; Kabir Smith; Mia Patel,United States,September 02 2020,2008,NR,83 min,Horror Movies,A horror movies story about ambition and unexpected challenges.
s55,TV Show,The Village 55,Unknown,Aditya Sharma; Emma Wilson; Aditya Thomas,United Kingdom,March 24 2019,2018,TV-Y7,2 Seasons,"Comedies, Children & Family Movies","A comedies, children & family movies story about love and unexpected challenges."
s56,Movie,The Silent City 56,Nina Patel,Priya Sen; Rohan Das; Kabir Mehta,Spain,July 10 2024,2018,NR,106 min,Romantic Movies,A romantic movies story about friendship and unexpected challenges.
s57,Movie,Final Mission 57,Sofia Garcia,Riya Gupta; Lucas Martin; Rohan Johnson,India,December 15 2024,2001,PG-13,167 min,"Documentaries, Action & Adventure","A documentaries, action & adventure story about love and unexpected challenges."
s58,TV Show,Beyond Time 58,Unknown,Ishita Singh; Arjun Singh; Ishita Brown,United States,March 11 2023,2000,NR,7 Seasons,"Stand-Up Comedy, Kids' TV","A stand-up comedy, kids' tv story about ambition and unexpected challenges."
s59,Movie,A New Beginning 59,Michael Brown,Daniel Martin; Ishita Wilson; Noah Lee,India,March 25 2024,2019,PG-13,77 min,Romantic Movies,A romantic movies story about adventure and unexpected challenges.
s60,Movie,The Last Journey 60,Anil Sharma,Sneha Lee; Meera Roy; Olivia Brown,Canada,August 26 2022,2011,TV-PG,94 min,"Romantic Movies, Action & Adventure","A romantic movies, action & adventure story about love and unexpected challenges."
s61,TV Show,City Lights 61,Raj Mehta,Emma Martin; Emma Martin; Karan Lee,South Korea,September 01 2022,2010,PG,1 Seasons,"Sci-Fi & Fantasy, Comedies","A sci-fi & fantasy, comedies story about friendship and unexpected challenges."
s62,Movie,Ocean Mystery 62,Emma Carter,Vikram Mehta; Aarav Mehta; Olivia Johnson,India,July 26 2023,2001,NR,89 min,"Documentaries, Sports Movies","A documentaries, sports movies story about ambition and unexpected challenges."
s63,TV Show,The Last Chapter 63,Sofia Garcia,Rohan Khan; Olivia Thomas; Ananya Gupta,France,March 09 2025,2025,NR,6 Seasons,Sports Movies,A sports movies story about mystery and unexpected challenges.
s64,Movie,Hidden Truth 64,Sarah Wilson,Priya Roy; Lucas Gupta; Rahul Thomas,United Kingdom,October 19 2021,2002,TV-PG,135 min,Kids' TV,A kids' tv story about adventure and unexpected challenges.
s65,Movie,The Last Journey 65,John Smith,Vikram Singh; Noah Roy; Ananya Roy,Canada,July 10 2023,2003,TV-PG,132 min,"Crime TV Shows, Kids' TV","A crime tv shows, kids' tv story about friendship and unexpected challenges."
s66,Movie,The Silent City 66,Raj Mehta,Vikram Martin; Sophia Sen; Karan Martin,United Kingdom,February 07 2025,2024,PG,91 min,Sci-Fi & Fantasy,A sci-fi & fantasy story about love and unexpected challenges.
s67,TV Show,Code Breakers 67,Sarah Wilson,Neha Mehta; Neha Sen; Vikram Sharma,,December 01 2020,2007,TV-Y,6 Seasons,"International TV Shows, Comedies","A international tv shows, comedies story about friendship and unexpected challenges."
s68,TV Show,The Final Season 68,Emma Carter,Olivia Johnson; Aarav Brown; Arjun Gupta,United States,January 19 2018,2004,NR,4 Seasons,Children & Family Movies,A children & family movies story about ambition and unexpected challenges.
s69,Movie,Ocean Mystery 69,Sarah Wilson,Liam Wilson; Emma Das; Aarav Brown,Japan,June 15 2022,2005,TV-14,139 min,Documentaries,A documentaries story about adventure and unexpected challenges.
s70,Movie,Hidden Truth 70,Unknown,Meera Das; Riya Das; Vikram Johnson,India,June 09 2019,2001,TV-MA,115 min,Dramas,A dramas story about friendship and unexpected challenges.
s71,TV Show,The Final Season 71,Michael Brown,Aditya Khan; Aarav Wilson; Sophia Brown,United States,December 26 2018,2014,G,7 Seasons,Horror Movies,A horror movies story about ambition and unexpected challenges.
s72,Movie,Ocean Mystery 72,John Smith,Arjun Das; Sneha Thomas; Aditi Gupta,Mexico,September 12 2025,2025,PG-13,172 min,"Crime TV Shows, Romantic Movies","A crime tv shows, romantic movies story about mystery and unexpected challenges."
s73,TV Show,The Final Season 73,Nina Patel,Lucas Lee; Ananya Das; Aditya Gupta,United States,April 16 2022,2013,PG-13,4 Seasons,"Horror Movies, Crime TV Shows","A horror movies, crime tv shows story about ambition and unexpected challenges."
s74,Movie,The Last Signal 74,Arjun Roy,Rohan Mehta; Rohan Lee; Mia Sharma,United Kingdom,April 20 2025,2009,R,81 min,"Action & Adventure, Horror Movies","A action & adventure, horror movies story about friendship and unexpected challenges."
s75,Movie,The Great Escape 75,Arjun Roy,Sneha Wilson; Riya Sharma; Rahul Singh,United States,December 07 2021,2018,NR,163 min,"Crime TV Shows, Thrillers","A crime tv shows, thrillers story about mystery and unexpected challenges."
s76,Movie,The Silent City 76,Ravi Kumar,Rohan Thomas; Kabir Johnson; Vikram Martin,Canada,September 02 2025,2024,TV-PG,81 min,Sci-Fi & Fantasy,A sci-fi & fantasy story about friendship and unexpected challenges.
s77,TV Show,The Village 77,Raj Mehta,Sneha Das; Aarav Singh; Arjun Smith,India,July 04 2018,2005,TV-MA,4 Seasons,"Crime TV Shows, Sci-Fi & Fantasy","A crime tv shows, sci-fi & fantasy story about ambition and unexpected challenges."
s78,Movie,Lost Memories 78,David Lee,Priya Sharma; Arjun Roy; Liam Martin,India,October 04 2024,2021,PG-13,151 min,Documentaries,A documentaries story about adventure and unexpected challenges.
s79,TV Show,Code Breakers 79,Unknown,Sneha Wilson; Ishita Sharma; Noah Singh,Canada,July 01 2025,2017,PG-13,4 Seasons,"Stand-Up Comedy, Thrillers","A stand-up comedy, thrillers story about family and unexpected challenges."
s80,Movie,Hidden Truth 80,Priya Das,Liam Johnson; Ananya Roy; Liam Gupta,Mexico,June 05 2024,2010,R,180 min,"Horror Movies, Crime TV Shows","A horror movies, crime tv shows story about ambition and unexpected challenges."
s81,Movie,The Silent City 81,Raj Mehta,Aditi Patel; Emma Martin; Olivia Roy,,September 22 2025,2024,TV-MA,110 min,International TV Shows,A international tv shows story about adventure and unexpected challenges.
s82,Movie,Midnight Road 82,Raj Mehta,Ishita Thomas; Aditya Lee; Meera Singh,India,November 02 2025,2005,G,157 min,Romantic Movies,A romantic movies story about love and unexpected challenges.
s83,Movie,The Silent City 83,Anil Sharma,Meera Patel; Rohan Thomas; Riya Sen,Canada,August 17 2024,2003,PG-13,177 min,"Crime TV Shows, Dramas","A crime tv shows, dramas story about adventure and unexpected challenges."
s84,Movie,Lost Memories 84,Daniel Martin,Sophia Das; Liam Roy; Noah Gupta,France,July 26 2021,2020,TV-Y7,113 min,Romantic Movies,A romantic movies story about adventure and unexpected challenges.
s85,Movie,The Silent City 85,Arjun Roy,Liam Das; Ananya Roy; Olivia Thomas,South Korea,September 20 2020,2007,PG,116 min,Thrillers,A thrillers story about friendship and unexpected challenges.
s86,TV Show,Future World 86,Sofia Garcia,Kabir Brown; Aditi Wilson; Sophia Wilson,United States,July 24 2021,2016,TV-PG,5 Seasons,"Thrillers, Comedies","A thrillers, comedies story about family and unexpected challenges."
s87,TV Show,The Family House 87,David Lee,Meera Singh; Kabir Singh; Karan Patel,Japan,October 05 2020,2018,PG-13,6 Seasons,"International Movies, Documentaries","A international movies, documentaries story about ambition and unexpected challenges."
s88,Movie,The Great Escape 88,Ravi Kumar,Liam Martin; Emma Johnson; Noah Singh,United States,June 13 2019,2007,PG-13,106 min,Documentaries,A documentaries story about friendship and unexpected challenges.
s89,TV Show,Beyond Time 89,Unknown,Ishita Thomas; Lucas Martin; Daniel Wilson,Brazil,July 07 2025,2025,TV-MA,4 Seasons,International TV Shows,A international tv shows story about mystery and unexpected challenges.
s90,TV Show,The New Beginning 90,Anil Sharma,Karan Singh; Emma Lee; Karan Patel,United States,June 11 2022,2011,PG-13,5 Seasons,Stand-Up Comedy,A stand-up comedy story about mystery and unexpected challenges.
s91,TV Show,Life in Mumbai 91,Anil Sharma,Neha Roy; Kabir Smith; Neha Das,South Korea,November 02 2020,2006,TV-Y,5 Seasons,Romantic Movies,A romantic movies story about adventure and unexpected challenges.
s92,Movie,Hidden Truth 92,Arjun Roy,Priya Wilson; Lucas Das; Ananya Lee,India,August 22 2020,2019,TV-PG,100 min,Comedies,A comedies story about adventure and unexpected challenges.
s93,Movie,Hidden Truth 93,Raj Mehta,Riya Johnson; Liam Singh; Ananya Wilson,Canada,February 19 2023,2001,TV-PG,123 min,Kids' TV,A kids' tv story about family and unexpected challenges.
s94,Movie,Ocean Mystery 94,David Lee,Daniel Khan; Karan Khan; Sophia Mehta,United States,April 16 2021,2005,PG,121 min,"Sci-Fi & Fantasy, Romantic Movies","A sci-fi & fantasy, romantic movies story about family and unexpected challenges."
s95,Movie,Beyond the Horizon 95,Michael Brown,Daniel Khan; Aditya Patel; Noah Patel,United States,March 05 2019,2013,PG-13,158 min,Sci-Fi & Fantasy,A sci-fi & fantasy story about ambition and unexpected challenges.
s96,Movie,Summer Rain 96,Ravi Kumar,Olivia Wilson; Ananya Das; Mia Sen,United States,July 03 2024,2021,G,166 min,"Stand-Up Comedy, Dramas","A stand-up comedy, dramas story about family and unexpected challenges."
s97,Movie,Ocean Mystery 97,Priya Das,Rohan Gupta; Karan Roy; Mia Khan,Australia,July 21 2025,2014,NR,100 min,"Thrillers, Children & Family Movies","A thrillers, children & family movies story about love and unexpected challenges."
s98,TV Show,Future World 98,David Lee,Vikram Sharma; Emma Das; Ananya Lee,United States,July 01 2023,2006,TV-MA,5 Seasons,Action & Adventure,A action & adventure story about mystery and unexpected challenges.
s99,TV Show,The Final Season 99,Nina Patel,Aditi Thomas; Riya Patel; Rohan Gupta,United States,June 27 2025,2014,NR,3 Seasons,"Horror Movies, Sci-Fi & Fantasy","A horror movies, sci-fi & fantasy story about adventure and unexpected challenges."
s100,Movie,The Secret Island 100,Priya Das,Daniel Lee; Aditi Smith; Mia Martin,India,October 20 2018,2011,TV-PG,80 min,Horror Movies,A horror movies story about mystery and unexpected challenges.
s101,Movie,Lost Memories 101,Ravi Kumar,Karan Thomas; Meera Wilson; Emma Johnson,India,February 07 2021,2005,TV-PG,77 min,Stand-Up Comedy,A stand-up comedy story about ambition and unexpected challenges.
s102,Movie,The Great Escape 102,Sofia Garcia,Meera Brown; Riya Sharma; Aditya Brown,United States,April 06 2019,2012,NR,169 min,Horror Movies,A horror movies story about love and unexpected challenges.
s103,Movie,The Secret Island 103,Michael Brown,Priya Roy; Priya Patel; Ishita Smith,India,December 09 2021,2014,PG-13,162 min,"International Movies, Children & Family Movies","A international movies, children & family movies story about love and unexpected challenges."
s104,Movie,Broken Dreams 104,Ravi Kumar,Liam Thomas; Sophia Sharma; Rahul Sen,India,March 01 2020,2014,R,90 min,"Documentaries, International TV Shows","A documentaries, international tv shows story about ambition and unexpected challenges."
s105,Movie,The Silent City 105,Raj Mehta,Noah Das; Meera Singh; Meera Singh,Spain,March 13 2018,2006,TV-14,171 min,"Action & Adventure, Documentaries","A action & adventure, documentaries story about love and unexpected challenges."
s106,TV Show,Beyond Time 106,John Smith,Daniel Smith; Sneha Wilson; Meera Johnson,Australia,March 14 2021,2021,TV-PG,3 Seasons,"Thrillers, Romantic Movies","A thrillers, romantic movies story about mystery and unexpected challenges."
s107,Movie,The Last Journey 107,Michael Brown,Aarav Wilson; Olivia Smith; Meera Khan,United States,September 04 2020,2008,R,166 min,"Kids' TV, Action & Adventure","A kids' tv, action & adventure story about love and unexpected challenges."
s108,Movie,Summer Rain 108,Arjun Roy,Noah Das; Riya Singh; Rahul Patel,United Kingdom,September 09 2024,2020,R,109 min,Documentaries,A documentaries story about mystery and unexpected challenges.
s109,Movie,Midnight Road 109,Sofia Garcia,Lucas Singh; Liam Brown; Ananya Gupta,France,December 02 2023,2002,TV-Y7,108 min,International Movies,A international movies story about love and unexpected challenges.
s110,Movie,Shadow Hunter 110,John Smith,Aditya Sharma; Arjun Wilson; Meera Patel,India,June 17 2019,2019,TV-MA,136 min,"Sports Movies, Horror Movies","A sports movies, horror movies story about family and unexpected challenges."
s111,Movie,The Silent City 111,Michael Brown,Daniel Wilson; Noah Patel; Rohan Brown,Spain,November 14 2025,2012,TV-PG,85 min,International TV Shows,A international tv shows story about family and unexpected challenges.
s112,TV Show,Dark Streets 112,Unknown,Rahul Wilson; Meera Brown; Aditya Lee,United States,February 18 2021,2014,TV-14,4 Seasons,"Stand-Up Comedy, Children & Family Movies","A stand-up comedy, children & family movies story about friendship and unexpected challenges."
s113,Movie,The Great Escape 113,Ravi Kumar,Lucas Khan; Aditya Johnson; Meera Roy,United States,July 03 2018,2008,R,144 min,Crime TV Shows,A crime tv shows story about mystery and unexpected challenges.
s114,Movie,The Silent City 114,Anil Sharma,Daniel Lee; Liam Wilson; Priya Sen,India,April 03 2019,2010,G,147 min,Documentaries,A documentaries story about family and unexpected challenges.
s115,Movie,Shadow Hunter 115,Nina Patel,Rohan Roy; Mia Sen; Rahul Brown,United States,January 15 2023,2023,R,93 min,Kids' TV,A kids' tv story about adventure and unexpected challenges.
s116,Movie,Ocean Mystery 116,John Smith,Mia Wilson; Arjun Khan; Aditya Singh,United States,November 27 2023,2013,NR,125 min,"Dramas, Children & Family Movies","A dramas, children & family movies story about friendship and unexpected challenges."
s117,TV Show,City Lights 117,Anil Sharma,Karan Martin; Olivia Sharma; Aditya Thomas,India,May 09 2022,2003,TV-MA,5 Seasons,"International Movies, Horror Movies","A international movies, horror movies story about ambition and unexpected challenges."
s118,Movie,The Silent City 118,Unknown,Rohan Singh; Lucas Sharma; Mia Mehta,India,November 04 2019,2014,TV-PG,91 min,Horror Movies,A horror movies story about adventure and unexpected challenges.
s119,TV Show,The Last Chapter 119,Unknown,Noah Roy; Kabir Gupta; Aditya Lee,Spain,November 07 2025,2020,PG-13,1 Seasons,"Romantic Movies, Sci-Fi & Fantasy","A romantic movies, sci-fi & fantasy story about friendship and unexpected challenges."
s120,Movie,A New Beginning 120,Sarah Wilson,Mia Brown; Karan Khan; Kabir Thomas,United Kingdom,March 21 2018,2017,TV-14,166 min,Comedies,A comedies story about ambition and unexpected challenges.
s121,Movie,The Silent City 121,John Smith,Meera Mehta; Liam Thomas; Emma Thomas,Mexico,March 22 2023,2021,NR,116 min,"Children & Family Movies, International Movies","A children & family movies, international movies story about friendship and unexpected challenges."
s122,TV Show,Dark Streets 122,Raj Mehta,,United States,August 05 2025,2012,TV-Y,7 Seasons,Dramas,A dramas story about adventure and unexpected challenges.
s123,Movie,Ocean Mystery 123,Raj Mehta,Lucas Khan; Priya Thomas; Aditi Wilson,United States,December 16 2019,2001,PG,134 min,"International Movies, Documentaries","A international movies, documentaries story about mystery and unexpected challenges."
s124,TV Show,City Lights 124,Ravi Kumar,Noah Mehta; Noah Patel; Noah Patel,Canada,July 23 2021,2021,NR,2 Seasons,"International TV Shows, Sports Movies","A international tv shows, sports movies story about friendship and unexpected challenges."
s125,Movie,The Last Signal 125,Michael Brown,Emma Wilson; Aditi Lee; Kabir Smith,South Korea,January 26 2018,2014,NR,92 min,"Action & Adventure, International TV Shows","A action & adventure, international tv shows story about love and unexpected challenges."
s126,TV Show,The Investigation 126,Michael Brown,Aditi Sen; Ananya Singh; Emma Lee,Australia,June 16 2018,2018,TV-Y7,4 Seasons,Thrillers,A thrillers story about mystery and unexpected challenges.
s127,TV Show,Future World 127,Anil Sharma,Ananya Lee; Vikram Das; Olivia Patel,Canada,January 05 2019,2004,PG,7 Seasons,"Dramas, International TV Shows","A dramas, international tv shows story about family and unexpected challenges."
s128,Movie,A New Beginning 128,Daniel Martin,Sophia Sharma; Ananya Mehta; Liam Mehta,United States,August 07 2025,2008,R,92 min,Comedies,A comedies story about mystery and unexpected challenges.
s129,Movie,Beyond the Horizon 129,Sofia Garcia,Noah Sen; Karan Das; Neha Martin,United States,February 22 2025,2005,TV-MA,174 min,"Children & Family Movies, Sci-Fi & Fantasy","A children & family movies, sci-fi & fantasy story about friendship and unexpected challenges."
s130,Movie,Midnight Road 130,Priya Das,Riya Lee; Daniel Wilson; Ishita Khan,United Kingdom,September 02 2020,2009,PG-13,80 min,Comedies,A comedies story about adventure and unexpected challenges.
s131,TV Show,The Final Season 131,Emma Carter,Sneha Sharma; Liam Smith; Mia Wilson,United States,March 09 2025,2003,TV-14,2 Seasons,"Thrillers, Crime TV Shows","A thrillers, crime tv shows story about adventure and unexpected challenges."
s132,TV Show,City Lights 132,Sarah Wilson,Ishita Brown; Neha Smith; Neha Khan,United Kingdom,May 08 2022,2010,TV-Y7,4 Seasons,Comedies,A comedies story about ambition and unexpected challenges.
s133,Movie,The Last Journey 133,Unknown,Olivia Singh; Vikram Khan; Mia Gupta,India,February 15 2020,2005,NR,95 min,"Children & Family Movies, Kids' TV","A children & family movies, kids' tv story about family and unexpected challenges."
s134,Movie,A New Beginning 134,Sofia Garcia,Kabir Lee; Ishita Gupta; Vikram Thomas,Canada,November 26 2025,2015,TV-Y,150 min,Romantic Movies,A romantic movies story about love and unexpected challenges.
s135,Movie,The Last Journey 135,Unknown,Noah Thomas; Aditi Roy; Liam Wilson,United States,April 15 2023,2007,TV-MA,117 min,Action & Adventure,A action & adventure story about adventure and unexpected challenges.
s136,Movie,A New Beginning 136,Raj Mehta,Neha Sen; Sneha Roy; Liam Wilson,France,November 25 2025,2021,TV-PG,87 min,Sci-Fi & Fantasy,A sci-fi & fantasy story about adventure and unexpected challenges.
s137,Movie,Summer Rain 137,Unknown,Daniel Brown; Meera Sharma; Emma Mehta,United States,November 18 2023,2019,R,139 min,"Kids' TV, Action & Adventure","A kids' tv, action & adventure story about mystery and unexpected challenges."
s138,Movie,Midnight Road 138,Emma Carter,Kabir Wilson; Lucas Das; Arjun Sen,South Korea,December 07 2022,2018,G,145 min,"Action & Adventure, Sports Movies","A action & adventure, sports movies story about love and unexpected challenges."
s139,Movie,Summer Rain 139,,Ananya Johnson; Karan Patel; Rahul Sharma,India,August 04 2025,2023,TV-14,167 min,"Thrillers, Kids' TV","A thrillers, kids' tv story about mystery and unexpected challenges."
s140,TV Show,The Final Season 140,Ravi Kumar,Sophia Gupta; Rahul Smith; Neha Wilson,United States,April 03 2022,2005,TV-PG,6 Seasons,Kids' TV,A kids' tv story about family and unexpected challenges.
s141,Movie,Hidden Truth 141,Sarah Wilson,Riya Khan; Karan Gupta; Ananya Brown,United States,June 21 2025,2021,TV-Y7,90 min,Sports Movies,A sports movies story about love and unexpected challenges.
s142,TV Show,Code Breakers 142,Sofia Garcia,Lucas Singh; Daniel Smith; Mia Roy,Japan,June 01 2020,2006,G,2 Seasons,Kids' TV,A kids' tv story about family and unexpected challenges.
s143,TV Show,Future World 143,Nina Patel,Aditya Brown; Aarav Sharma; Arjun Johnson,United States,January 19 2019,2003,R,3 Seasons,"Thrillers, Stand-Up Comedy","A thrillers, stand-up comedy story about love and unexpected challenges."
s144,Movie,The Silent City 144,Daniel Martin,Priya Wilson; Aditya Thomas; Arjun Patel,India,September 20 2019,2010,R,118 min,International TV Shows,A international tv shows story about love and unexpected challenges.
s145,Movie,Final Mission 145,Raj Mehta,Daniel Sen; Noah Khan; Rahul Khan,India,May 25 2018,2005,PG-13,133 min,Stand-Up Comedy,A stand-up comedy story about ambition and unexpected challenges.
s146,TV Show,Code Breakers 146,Ravi Kumar,Olivia Mehta; Mia Roy; Neha Smith,Italy,October 17 2025,2025,TV-14,6 Seasons,"Kids' TV, Horror Movies","A kids' tv, horror movies story about love and unexpected challenges."
s147,Movie,The Great Escape 147,Daniel Martin,Aditi Sen; Mia Johnson; Priya Gupta,United States,November 15 2024,2022,PG,94 min,Sports Movies,A sports movies story about ambition and unexpected challenges.
s148,Movie,Broken Dreams 148,Priya Das,Riya Gupta; Vikram Khan; Ananya Khan,Canada,March 26 2018,2003,TV-Y,84 min,Children & Family Movies,A children & family movies story about mystery and unexpected challenges.
s149,Movie,The Last Journey 149,Emma Carter,Lucas Sharma; Neha Singh; Vikram Mehta,Canada,June 17 2025,2005,NR,101 min,"Thrillers, International TV Shows","A thrillers, international tv shows story about adventure and unexpected challenges."
s150,Movie,The Great Escape 150,Nina Patel,Emma Singh; Aditya Wilson; Rohan Sharma,France,April 15 2025,2014,TV-MA,143 min,Horror Movies,A horror movies story about love and unexpected challenges.
s151,Movie,The Last Signal 151,Emma Carter,Meera Patel; Neha Gupta; Aarav Brown,South Korea,March 14 2025,2013,NR,155 min,Sports Movies,A sports movies story about friendship and unexpected challenges.
s152,Movie,A New Beginning 152,Ravi Kumar,Priya Johnson; Sneha Singh; Emma Sen,United States,February 02 2021,2014,PG,85 min,"International TV Shows, Documentaries","A international tv shows, documentaries story about family and unexpected challenges."
s153,Movie,Beyond the Horizon 153,Anil Sharma,Rahul Sharma; Neha Sen; Noah Roy,Spain,April 19 2024,2012,TV-PG,142 min,Thrillers,A thrillers story about ambition and unexpected challenges.
s154,TV Show,The Family House 154,David Lee,Neha Sharma; Neha Johnson; Rohan Thomas,Spain,September 06 2024,2020,TV-PG,5 Seasons,Sci-Fi & Fantasy,A sci-fi & fantasy story about mystery and unexpected challenges.
s155,Movie,Lost Memories 155,Sarah Wilson,Meera Singh; Karan Thomas; Liam Mehta,United States,February 05 2022,2007,PG,92 min,"Documentaries, Stand-Up Comedy","A documentaries, stand-up comedy story about friendship and unexpected challenges."
s156,Movie,Summer Rain 156,Sarah Wilson,Karan Gupta; Lucas Gupta; Karan Martin,Australia,September 15 2020,2007,TV-MA,136 min,Children & Family Movies,A children & family movies story about mystery and unexpected challenges.
s157,TV Show,The Family House 157,Anil Sharma,Rohan Thomas; Mia Johnson; Daniel Brown,United States,January 03 2025,2025,G,2 Seasons,Kids' TV,A kids' tv story about family and unexpected challenges.
s158,TV Show,The Final Season 158,Emma Carter,Aarav Mehta; Sophia Thomas; Vikram Patel,United States,July 14 2021,2021,TV-PG,3 Seasons,"Stand-Up Comedy, Thrillers","A stand-up comedy, thrillers story about adventure and unexpected challenges."
s159,TV Show,Life in Mumbai 159,Ravi Kumar,Aditya Roy; Aditi Mehta; Aditya Gupta,India,March 19 2022,2009,TV-PG,6 Seasons,"Documentaries, Sports Movies","A documentaries, sports movies story about family and unexpected challenges."
s160,Movie,The Great Escape 160,Emma Carter,Rahul Thomas; Aditya Martin; Rohan Thomas,United Kingdom,May 19 2020,2016,G,166 min,Crime TV Shows,A crime tv shows story about ambition and unexpected challenges.
s161,Movie,Broken Dreams 161,Priya Das,Kabir Gupta; Riya Wilson; Sneha Khan,United States,February 12 2020,2012,NR,118 min,Documentaries,A documentaries story about love and unexpected challenges.
s162,Movie,The Last Journey 162,John Smith,Noah Johnson; Meera Mehta; Ananya Brown,United States,April 23 2022,2006,G,144 min,"Comedies, Stand-Up Comedy","A comedies, stand-up comedy story about mystery and unexpected challenges."
s163,Movie,Summer Rain 163,Nina Patel,Priya Smith; Mia Martin; Mia Wilson,South Korea,June 18 2025,2006,TV-14,82 min,Comedies,A comedies story about adventure and unexpected challenges.
s164,TV Show,The Family House 164,Sofia Garcia,Kabir Martin; Riya Das; Arjun Gupta,United States,February 17 2025,2013,R,7 Seasons,Comedies,A comedies story about friendship and unexpected challenges.
s165,TV Show,The Investigation 165,Emma Carter,Riya Patel; Liam Wilson; Kabir Martin,India,November 05 2024,2004,TV-PG,5 Seasons,"Documentaries, Kids' TV","A documentaries, kids' tv story about ambition and unexpected challenges."
s166,Movie,Lost Memories 166,Unknown,Ishita Das; Liam Smith; Vikram Gupta,United States,July 04 2018,2018,TV-MA,89 min,"Children & Family Movies, Crime TV Shows","A children & family movies, crime tv shows story about ambition and unexpected challenges."
s167,TV Show,Future World 167,John Smith,Aditya Mehta; Aditi Das; Daniel Gupta,Canada,November 08 2022,2021,TV-Y7,3 Seasons,"Comedies, Stand-Up Comedy","A comedies, stand-up comedy story about love and unexpected challenges."
s168,TV Show,World of Dreams 168,Unknown,Vikram Patel; Lucas Singh; Rahul Johnson,Japan,August 15 2022,2022,PG-13,6 Seasons,"Sports Movies, Crime TV Shows","A sports movies, crime tv shows story about friendship and unexpected challenges."
s169,Movie,Shadow Hunter 169,Sarah Wilson,Olivia Roy; Priya Wilson; Neha Thomas,United States,March 05 2021,2004,TV-Y,114 min,"Horror Movies, Action & Adventure","A horror movies, action & adventure story about adventure and unexpected challenges."
s170,Movie,Beyond the Horizon 170,Unknown,Emma Thomas; Priya Lee; Mia Lee,United States,July 11 2022,2021,PG-13,138 min,"International Movies, Documentaries","A international movies, documentaries story about friendship and unexpected challenges."
s171,Movie,The Secret Island 171,David Lee,Emma Patel; Ishita Wilson; Daniel Lee,United States,July 07 2024,2014,TV-MA,106 min,Sci-Fi & Fantasy,A sci-fi & fantasy story about love and unexpected challenges.
s172,TV Show,Dark Streets 172,Nina Patel,Sneha Mehta; Aditya Sharma; Daniel Das,United Kingdom,December 26 2018,2012,PG,4 Seasons,"Comedies, Dramas","A comedies, dramas story about ambition and unexpected challenges."
s173,TV Show,Code Breakers 173,Ravi Kumar,Priya Wilson; Liam Wilson; Priya Martin,United States,November 12 2020,2009,TV-MA,3 Seasons,Comedies,A comedies story about friendship and unexpected challenges.
s174,TV Show,Life in Mumbai 174,David Lee,Daniel Gupta; Ananya Sharma; Aarav Lee,United States,August 18 2024,2023,G,6 Seasons,"Action & Adventure, Stand-Up Comedy","A action & adventure, stand-up comedy story about family and unexpected challenges."
s175,TV Show,The Village 175,Daniel Martin,Meera Martin; Emma Mehta; Kabir Das,South Korea,January 08 2024,2015,TV-PG,4 Seasons,Action & Adventure,A action & adventure story about family and unexpected challenges.
s176,TV Show,The Investigation 176,Priya Das,Vikram Thomas; Karan Sen; Aarav Mehta,United States,August 27 2025,2024,TV-MA,3 Seasons,"International Movies, Stand-Up Comedy","A international movies, stand-up comedy story about ambition and unexpected challenges."
s177,Movie,Beyond the Horizon 177,Raj Mehta,Lucas Gupta; Sneha Smith; Daniel Patel,India,May 19 2023,2023,TV-14,137 min,"Horror Movies, Sci-Fi & Fantasy","A horror movies, sci-fi & fantasy story about love and unexpected challenges."
s178,Movie,Beyond the Horizon 178,Michael Brown,Kabir Singh; Aditya Singh; Daniel Smith,India,October 03 2020,2013,TV-Y7,130 min,Children & Family Movies,A children & family movies story about adventure and unexpected challenges.
s179,Movie,Lost Memories 179,Unknown,Aditi Patel; Mia Martin; Sophia Johnson,Mexico,March 03 2020,2019,TV-Y7,79 min,Sci-Fi & Fantasy,A sci-fi & fantasy story about family and unexpected challenges.
s180,Movie,Ocean Mystery 180,Sarah Wilson,Noah Smith; Olivia Sharma; Olivia Gupta,United States,June 15 2021,2000,NR,126 min,Children & Family Movies,A children & family movies story about love and unexpected challenges.
s181,TV Show,Future World 181,Unknown,Sneha Brown; Arjun Wilson; Emma Johnson,India,July 11 2025,2016,PG-13,2 Seasons,Crime TV Shows,A crime tv shows story about love and unexpected challenges.
s182,Movie,Shadow Hunter 182,Unknown,Aditya Khan; Sneha Lee; Sophia Sen,Italy,October 21 2024,2008,TV-Y7,108 min,Horror Movies,A horror movies story about ambition and unexpected challenges.
s183,TV Show,The Last Chapter 183,Arjun Roy,Priya Patel; Aditya Thomas; Sneha Martin,France,October 13 2023,2016,TV-MA,6 Seasons,International TV Shows,A international tv shows story about friendship and unexpected challenges.
s184,TV Show,The Final Season 184,Ravi Kumar,,Japan,January 25 2021,2017,G,4 Seasons,International TV Shows,A international tv shows story about adventure and unexpected challenges.
s185,TV Show,The Village 185,Priya Das,Rohan Khan; Emma Sharma; Arjun Thomas,South Korea,May 16 2019,2005,R,3 Seasons,"Sci-Fi & Fantasy, Kids' TV","A sci-fi & fantasy, kids' tv story about adventure and unexpected challenges."
s186,TV Show,Young Hearts 186,Michael Brown,Riya Patel; Neha Gupta; Emma Roy,Japan,February 11 2021,2006,G,5 Seasons,"Documentaries, Action & Adventure","A documentaries, action & adventure story about friendship and unexpected challenges."
s187,Movie,Final Mission 187,Raj Mehta,Arjun Johnson; Kabir Khan; Daniel Thomas,Australia,September 19 2018,2003,PG-13,106 min,"International TV Shows, Kids' TV","A international tv shows, kids' tv story about family and unexpected challenges."
s188,Movie,Lost Memories 188,Priya Das,Emma Sharma; Vikram Smith; Liam Johnson,Canada,April 23 2022,2014,TV-Y,102 min,"Thrillers, Documentaries","A thrillers, documentaries story about love and unexpected challenges."
s189,Movie,The Silent City 189,Arjun Roy,Aditya Brown; Liam Sharma; Aditi Sen,United States,November 11 2023,2017,TV-MA,92 min,Sports Movies,A sports movies story about ambition and unexpected challenges.
s190,Movie,Shadow Hunter 190,Priya Das,Kabir Sharma; Daniel Wilson; Ananya Das,United States,April 22 2025,2025,PG-13,104 min,Kids' TV,A kids' tv story about mystery and unexpected challenges.
s191,TV Show,Life in Mumbai 191,Emma Carter,Priya Lee; Ananya Roy; Sophia Thomas,Japan,April 13 2023,2004,TV-PG,7 Seasons,"Horror Movies, Romantic Movies","A horror movies, romantic movies story about adventure and unexpected challenges."
s192,Movie,The Great Escape 192,Anil Sharma,Ananya Roy; Emma Das; Olivia Brown,South Korea,October 04 2023,2004,TV-14,151 min,"Stand-Up Comedy, Comedies","A stand-up comedy, comedies story about friendship and unexpected challenges."
s193,Movie,Broken Dreams 193,Priya Das,Mia Sharma; Riya Thomas; Meera Brown,Mexico,January 11 2025,2010,G,159 min,"Crime TV Shows, Romantic Movies","A crime tv shows, romantic movies story about adventure and unexpected challenges."
s194,Movie,Broken Dreams 194,Michael Brown,Emma Khan; Kabir Mehta; Arjun Sen,United States,February 17 2023,2016,TV-14,134 min,"Sports Movies, Children & Family Movies","A sports movies, children & family movies story about mystery and unexpected challenges."
s195,Movie,Midnight Road 195,Nina Patel,Vikram Thomas; Aditi Thomas; Aditi Sen,India,September 10 2019,2011,TV-Y,172 min,"Crime TV Shows, Documentaries","A crime tv shows, documentaries story about friendship and unexpected challenges."
s196,Movie,Shadow Hunter 196,Ravi Kumar,Olivia Mehta; Rohan Wilson; Noah Johnson,United Kingdom,August 14 2019,2004,TV-14,132 min,"International TV Shows, Action & Adventure","A international tv shows, action & adventure story about love and unexpected challenges."
s197,Movie,The Secret Island 197,Michael Brown,Rahul Singh; Noah Wilson; Lucas Martin,India,December 16 2023,2013,TV-MA,161 min,"Sports Movies, Kids' TV","A sports movies, kids' tv story about love and unexpected challenges."
s198,Movie,The Last Signal 198,David Lee,Lucas Martin; Sophia Martin; Liam Thomas,Germany,May 09 2021,2019,PG,99 min,Horror Movies,A horror movies story about ambition and unexpected challenges.
s199,Movie,The Secret Island 199,Anil Sharma,Riya Patel; Olivia Martin; Arjun Sharma,India,January 02 2020,2020,R,144 min,"Romantic Movies, Thrillers","A romantic movies, thrillers story about ambition and unexpected challenges."
s200,Movie,A New Beginning 200,Sarah Wilson,Sophia Sen; Olivia Lee; Noah Mehta,Germany,April 08 2025,2018,NR,164 min,"Comedies, Dramas","A comedies, dramas story about ambition and unexpected challenges."
s201,Movie,Broken Dreams 201,Arjun Roy,Priya Roy; Kabir Patel; Priya Martin,Canada,December 01 2019,2016,TV-PG,178 min,"Sci-Fi & Fantasy, Stand-Up Comedy","A sci-fi & fantasy, stand-up comedy story about mystery and unexpected challenges."
s202,Movie,Final Mission 202,Unknown,Aditya Smith; Sophia Gupta; Olivia Gupta,,October 11 2024,2016,PG,179 min,Horror Movies,A horror movies story about love and unexpected challenges.
s203,Movie,The Last Journey 203,Anil Sharma,Meera Martin; Olivia Mehta; Aditya Lee,India,June 10 2024,2024,PG-13,138 min,"Sports Movies, Action & Adventure","A sports movies, action & adventure story about family and unexpected challenges."
s204,Movie,The Secret Island 204,Anil Sharma,Olivia Sharma; Aarav Sen; Noah Sen,United States,November 22 2021,2016,NR,78 min,Thrillers,A thrillers story about ambition and unexpected challenges.
s205,Movie,Shadow Hunter 205,Michael Brown,Riya Patel; Karan Khan; Ananya Das,United States,October 16 2023,2015,G,179 min,"Sci-Fi & Fantasy, International TV Shows","A sci-fi & fantasy, international tv shows story about friendship and unexpected challenges."
s206,Movie,Beyond the Horizon 206,Ravi Kumar,Mia Gupta; Lucas Das; Emma Lee,Brazil,January 10 2025,2024,PG-13,86 min,"Stand-Up Comedy, International Movies","A stand-up comedy, international movies story about mystery and unexpected challenges."
s207,Movie,Ocean Mystery 207,Ravi Kumar,Kabir Roy; Ishita Gupta; Rahul Johnson,India,November 04 2025,2025,TV-14,142 min,Horror Movies,A horror movies story about adventure and unexpected challenges.
s208,Movie,Hidden Truth 208,Ravi Kumar,Vikram Johnson; Aditya Gupta; Rahul Brown,France,October 27 2022,2020,G,89 min,Comedies,A comedies story about friendship and unexpected challenges.
s209,Movie,Midnight Road 209,Raj Mehta,Arjun Mehta; Sneha Brown; Riya Mehta,Brazil,May 25 2021,2008,G,89 min,Children & Family Movies,A children & family movies story about family and unexpected challenges.
s210,Movie,Shadow Hunter 210,Unknown,Meera Thomas; Meera Smith; Ananya Smith,United States,May 11 2024,2005,TV-Y,92 min,"Children & Family Movies, Sports Movies","A children & family movies, sports movies story about ambition and unexpected challenges."
s211,TV Show,Hidden Stories 211,,Priya Thomas; Mia Thomas; Rohan Martin,United Kingdom,April 22 2018,2004,TV-14,7 Seasons,"Dramas, Thrillers","A dramas, thrillers story about ambition and unexpected challenges."
s212,TV Show,World of Dreams 212,Priya Das,Lucas Khan; Liam Gupta; Liam Wilson,France,July 27 2021,2017,TV-MA,3 Seasons,"Stand-Up Comedy, Horror Movies","A stand-up comedy, horror movies story about ambition and unexpected challenges."
s213,Movie,Shadow Hunter 213,Nina Patel,Aditya Martin; Sneha Sen; Liam Brown,United Kingdom,August 21 2025,2025,TV-Y,179 min,Crime TV Shows,A crime tv shows story about love and unexpected challenges.
s214,Movie,Ocean Mystery 214,Raj Mehta,Karan Wilson; Lucas Johnson; Rohan Roy,United States,September 21 2020,2005,TV-Y,105 min,Action & Adventure,A action & adventure story about family and unexpected challenges.
s215,Movie,The Great Escape 215,John Smith,Priya Gupta; Aditya Khan; Meera Roy,Australia,March 01 2022,2022,TV-Y7,93 min,"Thrillers, Children & Family Movies","A thrillers, children & family movies story about family and unexpected challenges."
s216,Movie,The Secret Island 216,Sofia Garcia,Lucas Smith; Riya Gupta; Lucas Smith,United Kingdom,February 16 2018,2018,TV-Y7,129 min,"Horror Movies, Children & Family Movies","A horror movies, children & family movies story about adventure and unexpected challenges."
s217,Movie,Final Mission 217,Priya Das,Vikram Lee; Karan Singh; Sneha Smith,India,April 17 2025,2025,TV-PG,126 min,International TV Shows,A international tv shows story about love and unexpected challenges.
s218,TV Show,Young Hearts 218,Arjun Roy,Mia Mehta; Ishita Das; Neha Sen,South Korea,February 22 2025,2019,TV-Y7,4 Seasons,Horror Movies,A horror movies story about mystery and unexpected challenges.
s219,Movie,The Secret Island 219,Priya Das,Neha Brown; Priya Patel; Arjun Roy,United States,March 22 2023,2019,TV-PG,136 min,"Documentaries, Stand-Up Comedy","A documentaries, stand-up comedy story about family and unexpected challenges."
s220,Movie,The Last Signal 220,Michael Brown,Lucas Wilson; Emma Sen; Riya Singh,United Kingdom,July 27 2024,2016,NR,108 min,"International Movies, Sci-Fi & Fantasy","A international movies, sci-fi & fantasy story about ambition and unexpected challenges."
s221,Movie,Hidden Truth 221,Sarah Wilson,Meera Patel; Riya Das; Sophia Wilson,United States,April 16 2020,2007,PG,133 min,Comedies,A comedies story about family and unexpected challenges.
s222,Movie,Beyond the Horizon 222,Anil Sharma,Liam Smith; Kabir Johnson; Noah Sharma,United States,September 27 2022,2003,TV-MA,173 min,"International TV Shows, Stand-Up Comedy","A international tv shows, stand-up comedy story about ambition and unexpected challenges."
s223,Movie,Ocean Mystery 223,Ravi Kumar,Sneha Lee; Arjun Martin; Karan Mehta,United States,April 17 2023,2023,TV-MA,108 min,"International TV Shows, Action & Adventure","A international tv shows, action & adventure story about love and unexpected challenges."
s224,Movie,The Last Journey 224,Priya Das,Mia Martin; Olivia Das; Noah Gupta,United States,October 17 2019,2015,TV-MA,154 min,"International TV Shows, Sci-Fi & Fantasy","A international tv shows, sci-fi & fantasy story about mystery and unexpected challenges."
s225,Movie,The Silent City 225,Unknown,Aditi Smith; Kabir Singh; Sophia Thomas,United States,June 27 2024,2001,TV-MA,92 min,Thrillers,A thrillers story about adventure and unexpected challenges.
s226,TV Show,Beyond Time 226,Sarah Wilson,Liam Roy; Neha Wilson; Mia Sharma,India,January 05 2023,2017,G,5 Seasons,"Sports Movies, Sci-Fi & Fantasy","A sports movies, sci-fi & fantasy story about ambition and unexpected challenges."
s227,Movie,The Last Journey 227,Unknown,Daniel Singh; Emma Khan; Noah Johnson,,October 19 2021,2014,TV-Y7,125 min,"Documentaries, Comedies","A documentaries, comedies story about ambition and unexpected challenges."
s228,Movie,A New Beginning 228,Unknown,Lucas Smith; Neha Roy; Aarav Lee,India,October 17 2024,2017,PG,88 min,Stand-Up Comedy,A stand-up comedy story about family and unexpected challenges.
s229,TV Show,The Village 229,Anil Sharma,Aarav Patel; Aarav Khan; Noah Das,United States,December 01 2022,2021,R,2 Seasons,"Horror Movies, Action & Adventure","A horror movies, action & adventure story about love and unexpected challenges."
s230,TV Show,The New Beginning 230,Michael Brown,Rahul Sen; Priya Gupta; Vikram Singh,Japan,October 06 2022,2014,TV-PG,2 Seasons,"Comedies, Thrillers","A comedies, thrillers story about friendship and unexpected challenges."
s231,TV Show,City Lights 231,John Smith,Priya Brown; Riya Martin; Arjun Lee,Canada,September 09 2018,2001,G,7 Seasons,Sports Movies,A sports movies story about mystery and unexpected challenges.
s232,Movie,The Last Journey 232,Priya Das,Lucas Lee; Karan Johnson; Lucas Thomas,Mexico,November 17 2018,2015,TV-14,132 min,"Horror Movies, Documentaries","A horror movies, documentaries story about mystery and unexpected challenges."
s233,Movie,The Silent City 233,David Lee,Aditya Wilson; Sneha Martin; Mia Sharma,United States,February 25 2018,2004,TV-Y7,83 min,"Action & Adventure, Thrillers","A action & adventure, thrillers story about friendship and unexpected challenges."
s234,Movie,The Silent City 234,Ravi Kumar,Daniel Smith; Meera Sharma; Ananya Roy,United Kingdom,November 12 2025,2023,TV-Y,151 min,Sports Movies,A sports movies story about mystery and unexpected challenges.
s235,Movie,The Last Journey 235,Unknown,Daniel Sen; Aarav Sen; Daniel Wilson,India,July 26 2018,2010,TV-PG,146 min,"Horror Movies, Action & Adventure","A horror movies, action & adventure story about friendship and unexpected challenges."
s236,Movie,Lost Memories 236,David Lee,Riya Singh; Riya Brown; Vikram Martin,United Kingdom,July 01 2025,2025,NR,119 min,"Thrillers, Horror Movies","A thrillers, horror movies story about ambition and unexpected challenges."
s237,Movie,Broken Dreams 237,John Smith,Riya Singh; Sneha Roy; Neha Smith,India,January 16 2024,2012,TV-14,158 min,"Documentaries, Stand-Up Comedy","A documentaries, stand-up comedy story about mystery and unexpected challenges."
s238,TV Show,Code Breakers 238,Anil Sharma,Olivia Khan; Sophia Martin; Noah Patel,United States,June 20 2020,2015,PG-13,3 Seasons,Comedies,A comedies story about ambition and unexpected challenges.
s239,Movie,The Silent City 239,Daniel Martin,Kabir Gupta; Sneha Johnson; Mia Mehta,India,October 12 2024,2013,PG,108 min,Thrillers,A thrillers story about mystery and unexpected challenges.
s240,Movie,Midnight Road 240,Emma Carter,Lucas Roy; Ishita Sharma; Neha Roy,United States,September 12 2020,2018,TV-Y,76 min,"Action & Adventure, Thrillers","A action & adventure, thrillers story about ambition and unexpected challenges."
s241,TV Show,Code Breakers 241,Emma Carter,Emma Martin; Rohan Singh; Mia Brown,United Kingdom,June 06 2019,2000,PG,5 Seasons,"Documentaries, International Movies","A documentaries, international movies story about ambition and unexpected challenges."
s242,Movie,Summer Rain 242,Priya Das,Aarav Khan; Emma Wilson; Olivia Thomas,Germany,October 14 2020,2009,TV-Y,126 min,"Romantic Movies, Action & Adventure","A romantic movies, action & adventure story about family and unexpected challenges."
s243,Movie,Midnight Road 243,Priya Das,Emma Mehta; Sophia Roy; Meera Martin,India,October 23 2022,2011,R,123 min,Thrillers,A thrillers story about friendship and unexpected challenges.
s244,TV Show,Code Breakers 244,Sarah Wilson,Ishita Wilson; Aditi Das; Sneha Roy,Mexico,June 13 2019,2004,TV-PG,5 Seasons,Children & Family Movies,A children & family movies story about friendship and unexpected challenges.
s245,TV Show,Future World 245,Anil Sharma,Sneha Martin; Vikram Thomas; Karan Das,United Kingdom,April 13 2019,2010,TV-Y,5 Seasons,"Kids' TV, Stand-Up Comedy","A kids' tv, stand-up comedy story about mystery and unexpected challenges."
s246,TV Show,The Family House 246,John Smith,Aditya Sharma; Rohan Wilson; Aditya Brown,Australia,May 10 2025,2003,TV-Y,4 Seasons,"Children & Family Movies, Sports Movies","A children & family movies, sports movies story about friendship and unexpected challenges."
s247,TV Show,Young Hearts 247,John Smith,Meera Khan; Neha Gupta; Ananya Das,India,August 05 2023,2023,TV-PG,2 Seasons,Sci-Fi & Fantasy,A sci-fi & fantasy story about friendship and unexpected challenges.
s248,TV Show,Hidden Stories 248,Ravi Kumar,Noah Roy; Kabir Patel; Liam Roy,South Korea,September 13 2022,2003,TV-14,7 Seasons,"Thrillers, Romantic Movies","A thrillers, romantic movies story about friendship and unexpected challenges."
s249,Movie,Broken Dreams 249,Ravi Kumar,Priya Brown; Sophia Singh; Daniel Khan,India,February 17 2024,2006,TV-Y7,178 min,Thrillers,A thrillers story about love and unexpected challenges.
s250,Movie,Summer Rain 250,David Lee,Ananya Patel; Sophia Sharma; Sophia Roy,Spain,January 12 2025,2022,G,159 min,"Comedies, Kids' TV","A comedies, kids' tv story about friendship and unexpected challenges."
s251,TV Show,Hidden Stories 251,Michael Brown,Emma Martin; Ananya Singh; Olivia Singh,Italy,September 12 2024,2011,PG-13,4 Seasons,Dramas,A dramas story about love and unexpected challenges.
s252,TV Show,Hidden Stories 252,John Smith,Aarav Sen; Daniel Brown; Meera Das,South Korea,January 05 2018,2016,NR,1 Seasons,"Crime TV Shows, International TV Shows","A crime tv shows, international tv shows story about family and unexpected challenges."
s253,TV Show,Future World 253,David Lee,Priya Smith; Aarav Brown; Noah Sen,Mexico,July 20 2024,2023,R,6 Seasons,"International TV Shows, Sports Movies","A international tv shows, sports movies story about friendship and unexpected challenges."
s254,Movie,The Great Escape 254,Priya Das,Aditya Gupta; Aditya Brown; Olivia Singh,United States,August 23 2022,2001,G,144 min,International TV Shows,A international tv shows story about family and unexpected challenges.
s255,Movie,The Last Signal 255,Emma Carter,Ananya Patel; Daniel Das; Rohan Roy,United States,July 04 2018,2006,TV-Y7,119 min,"Children & Family Movies, Dramas","A children & family movies, dramas story about love and unexpected challenges."
s256,Movie,The Last Journey 256,Arjun Roy,Kabir Patel; Liam Sharma; Aarav Lee,United States,December 24 2024,2008,TV-PG,160 min,Horror Movies,A horror movies story about adventure and unexpected challenges.
s257,Movie,Summer Rain 257,Raj Mehta,Emma Khan; Rohan Sharma; Emma Sen,India,April 18 2024,2001,PG,133 min,Stand-Up Comedy,A stand-up comedy story about adventure and unexpected challenges.
s258,Movie,Summer Rain 258,,Liam Thomas; Olivia Mehta; Priya Brown,United States,January 07 2023,2023,TV-Y,169 min,"Action & Adventure, Horror Movies","A action & adventure, horror movies story about ambition and unexpected challenges."
s259,Movie,Hidden Truth 259,Ravi Kumar,Liam Brown; Liam Roy; Priya Roy,Canada,March 02 2025,2025,PG,124 min,Sports Movies,A sports movies story about mystery and unexpected challenges.
s260,Movie,Midnight Road 260,Anil Sharma,Mia Sharma; Olivia Gupta; Lucas Das,South Korea,March 21 2020,2008,TV-Y7,176 min,"Children & Family Movies, Comedies","A children & family movies, comedies story about ambition and unexpected challenges."
s261,TV Show,The Investigation 261,Ravi Kumar,Ananya Wilson; Daniel Patel; Daniel Smith,Brazil,February 20 2021,2012,NR,6 Seasons,Comedies,A comedies story about adventure and unexpected challenges.
s262,Movie,Broken Dreams 262,Anil Sharma,Sneha Gupta; Riya Thomas; Aditya Patel,India,November 07 2019,2004,PG-13,130 min,"Documentaries, Stand-Up Comedy","A documentaries, stand-up comedy story about family and unexpected challenges."
s263,Movie,Lost Memories 263,Unknown,Kabir Gupta; Liam Khan; Meera Gupta,India,September 15 2024,2021,TV-MA,167 min,"Action & Adventure, Sci-Fi & Fantasy","A action & adventure, sci-fi & fantasy story about friendship and unexpected challenges."
s264,Movie,A New Beginning 264,Nina Patel,Emma Brown; Aarav Thomas; Sophia Gupta,United States,September 16 2023,2001,PG-13,166 min,Horror Movies,A horror movies story about adventure and unexpected challenges.
s265,Movie,The Last Signal 265,Priya Das,Riya Lee; Lucas Smith; Sophia Mehta,United States,March 24 2021,2006,R,85 min,Horror Movies,A horror movies story about friendship and unexpected challenges.
s266,TV Show,The Last Chapter 266,Anil Sharma,Rohan Sharma; Kabir Gupta; Olivia Patel,United States,December 10 2019,2001,PG-13,1 Seasons,"Horror Movies, Romantic Movies","A horror movies, romantic movies story about ambition and unexpected challenges."
s267,TV Show,The Family House 267,Nina Patel,Priya Lee; Ishita Johnson; Sneha Das,United States,May 03 2018,2015,R,7 Seasons,Dramas,A dramas story about ambition and unexpected challenges.
s268,TV Show,World of Dreams 268,Michael Brown,Noah Brown; Priya Das; Sneha Patel,Canada,August 26 2023,2020,TV-14,1 Seasons,Action & Adventure,A action & adventure story about ambition and unexpected challenges.
s269,Movie,Beyond the Horizon 269,Sarah Wilson,Noah Sharma; Vikram Smith; Mia Mehta,United States,November 08 2018,2018,G,167 min,Stand-Up Comedy,A stand-up comedy story about friendship and unexpected challenges.
s270,Movie,Beyond the Horizon 270,David Lee,Priya Mehta; Priya Das; Aditi Johnson,Japan,December 22 2023,2022,,94 min,Children & Family Movies,A children & family movies story about love and unexpected challenges.
s271,Movie,Shadow Hunter 271,Raj Mehta,Aditya Sharma; Mia Lee; Neha Patel,Italy,August 16 2025,2003,TV-MA,128 min,Thrillers,A thrillers story about friendship and unexpected challenges.
s272,TV Show,The Final Season 272,David Lee,Liam Brown; Rohan Patel; Ishita Brown,Spain,February 09 2022,2000,G,4 Seasons,"Sports Movies, Horror Movies","A sports movies, horror movies story about friendship and unexpected challenges."
s273,Movie,The Silent City 273,Anil Sharma,Sophia Wilson; Kabir Mehta; Olivia Das,United States,April 20 2021,2003,PG-13,156 min,"Action & Adventure, Sci-Fi & Fantasy","A action & adventure, sci-fi & fantasy story about adventure and unexpected challenges."
s274,Movie,The Great Escape 274,Priya Das,Daniel Das; Aditi Singh; Riya Martin,India,October 07 2020,2000,NR,125 min,"Thrillers, Dramas","A thrillers, dramas story about adventure and unexpected challenges."
s275,Movie,The Last Journey 275,Anil Sharma,Neha Khan; Daniel Das; Aditya Johnson,South Korea,April 18 2021,2000,TV-Y,136 min,Documentaries,A documentaries story about love and unexpected challenges.
s276,Movie,Hidden Truth 276,Unknown,Neha Thomas; Priya Mehta; Neha Roy,Mexico,September 25 2020,2019,PG,151 min,"Thrillers, Action & Adventure","A thrillers, action & adventure story about mystery and unexpected challenges."
s277,TV Show,City Lights 277,Michael Brown,,India,April 25 2023,2002,TV-PG,5 Seasons,Horror Movies,A horror movies story about ambition and unexpected challenges.
s278,Movie,Broken Dreams 278,Nina Patel,Mia Khan; Aditi Das; Rohan Lee,India,March 26 2024,2022,TV-Y,98 min,Sports Movies,A sports movies story about adventure and unexpected challenges.
s279,Movie,Summer Rain 279,Ravi Kumar,Noah Khan; Emma Khan; Sneha Roy,United States,April 08 2020,2008,TV-Y,93 min,Thrillers,A thrillers story about love and unexpected challenges.
s280,TV Show,City Lights 280,Sarah Wilson,Liam Brown; Ishita Wilson; Rahul Johnson,Canada,October 05 2018,2004,PG,7 Seasons,International Movies,A international movies story about family and unexpected challenges.
s281,Movie,Ocean Mystery 281,Unknown,Meera Roy; Priya Johnson; Mia Roy,Canada,October 17 2021,2007,,136 min,Dramas,A dramas story about friendship and unexpected challenges.
s282,TV Show,The Family House 282,Priya Das,Noah Brown; Vikram Lee; Olivia Roy,Germany,October 02 2020,2001,TV-PG,6 Seasons,Stand-Up Comedy,A stand-up comedy story about love and unexpected challenges.
s283,Movie,Midnight Road 283,Sofia Garcia,Emma Sen; Aditya Smith; Aditi Das,United States,March 22 2025,2015,R,85 min,Kids' TV,A kids' tv story about ambition and unexpected challenges.
s284,TV Show,World of Dreams 284,Anil Sharma,Arjun Johnson; Meera Thomas; Riya Sharma,United States,February 09 2022,2021,PG,7 Seasons,Comedies,A comedies story about love and unexpected challenges.
s285,Movie,Midnight Road 285,Sarah Wilson,Rohan Sen; Aditi Wilson; Meera Gupta,Australia,May 11 2018,2004,PG-13,173 min,Kids' TV,A kids' tv story about love and unexpected challenges.
s286,Movie,The Silent City 286,Arjun Roy,Rahul Singh; Aditya Das; Olivia Lee,France,September 02 2020,2019,TV-Y,106 min,"Comedies, Sports Movies","A comedies, sports movies story about love and unexpected challenges."
s287,Movie,Summer Rain 287,Raj Mehta,Sophia Brown; Aditya Smith; Karan Gupta,France,May 24 2023,2020,TV-Y7,107 min,"Action & Adventure, Documentaries","A action & adventure, documentaries story about friendship and unexpected challenges."
s288,Movie,A New Beginning 288,Unknown,Karan Singh; Daniel Lee; Rahul Gupta,India,February 17 2025,2009,TV-14,81 min,"Crime TV Shows, Kids' TV","A crime tv shows, kids' tv story about family and unexpected challenges."
s289,Movie,A New Beginning 289,Unknown,Meera Mehta; Olivia Martin; Lucas Das,United Kingdom,July 14 2019,2012,TV-MA,177 min,"Children & Family Movies, Romantic Movies","A children & family movies, romantic movies story about mystery and unexpected challenges."
s290,Movie,Broken Dreams 290,Sarah Wilson,Daniel Thomas; Rohan Thomas; Arjun Johnson,United States,January 21 2020,2011,TV-14,117 min,"Action & Adventure, Sci-Fi & Fantasy","A action & adventure, sci-fi & fantasy story about adventure and unexpected challenges."
s291,TV Show,City Lights 291,Daniel Martin,Rahul Gupta; Aditya Roy; Karan Lee,India,October 22 2025,2024,G,6 Seasons,Crime TV Shows,A crime tv shows story about adventure and unexpected challenges.
s292,Movie,Ocean Mystery 292,Unknown,Vikram Sen; Arjun Thomas; Sneha Singh,South Korea,May 03 2023,2021,TV-MA,177 min,"Dramas, Romantic Movies","A dramas, romantic movies story about adventure and unexpected challenges."
s293,Movie,Ocean Mystery 293,Anil Sharma,Lucas Khan; Mia Roy; Sneha Mehta,United States,February 14 2024,2017,PG,148 min,Romantic Movies,A romantic movies story about love and unexpected challenges.
s294,Movie,The Silent City 294,Anil Sharma,Ishita Thomas; Emma Brown; Aditya Das,United States,September 25 2025,2013,TV-PG,109 min,Children & Family Movies,A children & family movies story about love and unexpected challenges.
s295,TV Show,Future World 295,Sarah Wilson,Aditi Lee; Liam Mehta; Daniel Thomas,,January 14 2021,2013,PG,3 Seasons,"International Movies, Crime TV Shows","A international movies, crime tv shows story about adventure and unexpected challenges."
s296,Movie,Lost Memories 296,Priya Das,Aditi Khan; Sophia Johnson; Arjun Singh,Australia,February 24 2023,2017,TV-Y7,180 min,"Action & Adventure, Crime TV Shows","A action & adventure, crime tv shows story about adventure and unexpected challenges."
s297,TV Show,Dark Streets 297,Anil Sharma,Meera Das; Emma Gupta; Ananya Johnson,France,July 06 2018,2015,PG-13,3 Seasons,"Dramas, Stand-Up Comedy","A dramas, stand-up comedy story about family and unexpected challenges."
s298,TV Show,The New Beginning 298,Sarah Wilson,Aditya Johnson; Olivia Martin; Ishita Smith,India,November 08 2024,2022,NR,7 Seasons,"Children & Family Movies, International Movies","A children & family movies, international movies story about friendship and unexpected challenges."
s299,Movie,Beyond the Horizon 299,Anil Sharma,Sneha Sen; Aditi Smith; Karan Roy,India,December 23 2019,2009,TV-Y7,175 min,"Children & Family Movies, Kids' TV","A children & family movies, kids' tv story about family and unexpected challenges."
s300,Movie,The Great Escape 300,Anil Sharma,Arjun Roy; Rohan Lee; Noah Gupta,Spain,December 23 2024,2024,TV-Y7,172 min,"Crime TV Shows, International Movies","A crime tv shows, international movies story about adventure and unexpected challenges."
s301,TV Show,City Lights 301,John Smith,Olivia Gupta; Riya Mehta; Vikram Sharma,Mexico,October 21 2022,2012,PG-13,2 Seasons,"Documentaries, International TV Shows","A documentaries, international tv shows story about friendship and unexpected challenges."
s302,Movie,The Last Journey 302,Unknown,Sophia Singh; Rohan Das; Meera Brown,United States,June 04 2025,2000,TV-Y7,109 min,Romantic Movies,A romantic movies story about love and unexpected challenges.
s303,Movie,Lost Memories 303,Raj Mehta,Liam Brown; Neha Martin; Riya Johnson,United Kingdom,July 23 2019,2008,R,163 min,"Thrillers, Children & Family Movies","A thrillers, children & family movies story about ambition and unexpected challenges."
s304,Movie,The Secret Island 304,Daniel Martin,Aditya Lee; Rahul Thomas; Kabir Gupta,Canada,March 03 2018,2010,G,145 min,"Kids' TV, Crime TV Shows","A kids' tv, crime tv shows story about family and unexpected challenges."
s305,TV Show,Beyond Time 305,John Smith,Riya Wilson; Liam Sen; Neha Mehta,Japan,January 16 2021,2017,TV-PG,6 Seasons,"Thrillers, Action & Adventure","A thrillers, action & adventure story about friendship and unexpected challenges."
s306,TV Show,Code Breakers 306,Unknown,Kabir Singh; Arjun Roy; Priya Wilson,India,August 25 2019,2004,NR,4 Seasons,"Children & Family Movies, Horror Movies","A children & family movies, horror movies story about ambition and unexpected challenges."
s307,Movie,Final Mission 307,Daniel Martin,Lucas Martin; Rohan Das; Emma Roy,Australia,November 22 2018,2007,TV-14,145 min,"International TV Shows, Stand-Up Comedy","A international tv shows, stand-up comedy story about adventure and unexpected challenges."
s308,TV Show,The Investigation 308,Michael Brown,Olivia Thomas; Emma Mehta; Ishita Khan,United States,July 10 2021,2016,PG,6 Seasons,Sci-Fi & Fantasy,A sci-fi & fantasy story about friendship and unexpected challenges.
s309,Movie,Hidden Truth 309,Unknown,Riya Wilson; Riya Roy; Olivia Thomas,Germany,December 13 2018,2016,NR,145 min,"Action & Adventure, International TV Shows","A action & adventure, international tv shows story about family and unexpected challenges."
s310,TV Show,World of Dreams 310,Raj Mehta,Ishita Patel; Ananya Singh; Aditya Brown,India,August 16 2024,2004,TV-MA,4 Seasons,"Thrillers, Romantic Movies","A thrillers, romantic movies story about mystery and unexpected challenges."
s311,TV Show,The Family House 311,Raj Mehta,Lucas Brown; Priya Wilson; Aditya Das,United Kingdom,June 26 2025,2010,G,1 Seasons,Stand-Up Comedy,A stand-up comedy story about adventure and unexpected challenges.
s312,Movie,The Great Escape 312,Anil Sharma,Aarav Patel; Priya Roy; Neha Sen,South Korea,May 20 2022,2000,TV-MA,126 min,Action & Adventure,A action & adventure story about ambition and unexpected challenges.
s313,Movie,Midnight Road 313,Sofia Garcia,Noah Mehta; Sophia Das; Liam Smith,South Korea,January 14 2021,2006,TV-Y7,174 min,Thrillers,A thrillers story about friendship and unexpected challenges.
s314,Movie,Summer Rain 314,,Aditya Sharma; Rahul Johnson; Aditya Khan,India,March 15 2025,2013,TV-PG,137 min,Comedies,A comedies story about family and unexpected challenges.
s315,Movie,Broken Dreams 315,Anil Sharma,Priya Singh; Mia Sen; Kabir Brown,Spain,September 13 2025,2025,PG-13,80 min,Children & Family Movies,A children & family movies story about ambition and unexpected challenges.
s316,Movie,Shadow Hunter 316,Raj Mehta,Ishita Johnson; Emma Brown; Rohan Khan,France,February 09 2022,2000,NR,130 min,"Kids' TV, Dramas","A kids' tv, dramas story about mystery and unexpected challenges."
s317,TV Show,Young Hearts 317,Sarah Wilson,Emma Roy; Rohan Lee; Emma Roy,India,August 20 2024,2023,TV-14,3 Seasons,"Stand-Up Comedy, Horror Movies","A stand-up comedy, horror movies story about mystery and unexpected challenges."
s318,TV Show,The Last Chapter 318,Unknown,Olivia Roy; Aarav Martin; Aarav Wilson,France,August 23 2020,2004,TV-Y7,5 Seasons,"International Movies, Children & Family Movies","A international movies, children & family movies story about friendship and unexpected challenges."
s319,Movie,A New Beginning 319,Sarah Wilson,Neha Khan; Neha Martin; Ishita Lee,United States,October 19 2025,2009,TV-MA,130 min,Kids' TV,A kids' tv story about family and unexpected challenges.
s320,Movie,Hidden Truth 320,Nina Patel,Sneha Mehta; Ananya Smith; Vikram Thomas,Japan,November 07 2019,2011,TV-Y,80 min,International Movies,A international movies story about ambition and unexpected challenges.
s321,Movie,The Secret Island 321,Unknown,Karan Singh; Emma Khan; Neha Wilson,United States,September 13 2021,2004,TV-14,162 min,"Kids' TV, Romantic Movies","A kids' tv, romantic movies story about love and unexpected challenges."
s322,Movie,The Great Escape 322,Anil Sharma,Vikram Brown; Rohan Wilson; Liam Sen,India,July 02 2023,2008,TV-Y,134 min,International Movies,A international movies story about friendship and unexpected challenges.
s323,Movie,The Silent City 323,Unknown,Riya Gupta; Ishita Thomas; Lucas Wilson,United States,February 10 2022,2004,NR,113 min,"Thrillers, Sci-Fi & Fantasy","A thrillers, sci-fi & fantasy story about friendship and unexpected challenges."
s324,Movie,The Last Journey 324,Anil Sharma,Rahul Thomas; Karan Sharma; Liam Thomas,United States,February 13 2018,2016,NR,170 min,Children & Family Movies,A children & family movies story about family and unexpected challenges.
s325,Movie,The Great Escape 325,John Smith,Aarav Singh; Ananya Gupta; Arjun Smith,France,February 11 2019,2011,NR,168 min,"Kids' TV, Action & Adventure","A kids' tv, action & adventure story about mystery and unexpected challenges."
s326,Movie,The Last Signal 326,Anil Sharma,Kabir Das; Kabir Singh; Olivia Das,Canada,February 26 2019,2017,TV-Y,105 min,"Stand-Up Comedy, Kids' TV","A stand-up comedy, kids' tv story about mystery and unexpected challenges."
s327,Movie,Summer Rain 327,Unknown,Kabir Thomas; Rohan Johnson; Mia Gupta,Spain,October 09 2025,2025,R,97 min,Thrillers,A thrillers story about friendship and unexpected challenges.
s328,Movie,Beyond the Horizon 328,Daniel Martin,Rahul Smith; Aarav Smith; Neha Brown,United Kingdom,November 14 2024,2009,PG,86 min,International TV Shows,A international tv shows story about friendship and unexpected challenges.
s329,Movie,Broken Dreams 329,David Lee,Lucas Wilson; Sneha Lee; Arjun Patel,South Korea,April 17 2021,2021,TV-PG,83 min,"Dramas, Comedies","A dramas, comedies story about ambition and unexpected challenges."
s330,Movie,Shadow Hunter 330,Unknown,Noah Singh; Olivia Sen; Ananya Khan,United States,December 09 2021,2008,NR,176 min,"Crime TV Shows, Thrillers","A crime tv shows, thrillers story about friendship and unexpected challenges."
s331,TV Show,The Village 331,Sofia Garcia,Aarav Martin; Riya Singh; Karan Thomas,United States,November 15 2024,2023,TV-14,1 Seasons,"Sports Movies, International TV Shows","A sports movies, international tv shows story about ambition and unexpected challenges."
s332,TV Show,The Last Chapter 332,Unknown,Liam Martin; Aarav Mehta; Karan Brown,United States,June 14 2023,2009,TV-Y7,1 Seasons,"Children & Family Movies, International TV Shows","A children & family movies, international tv shows story about family and unexpected challenges."
s333,TV Show,Dark Streets 333,Unknown,Sneha Thomas; Sophia Thomas; Aditya Singh,France,March 06 2023,2000,PG,6 Seasons,"Sci-Fi & Fantasy, Documentaries","A sci-fi & fantasy, documentaries story about mystery and unexpected challenges."
s334,TV Show,The Final Season 334,David Lee,Karan Patel; Karan Das; Liam Sen,Japan,September 26 2020,2004,TV-Y,7 Seasons,"International TV Shows, Stand-Up Comedy","A international tv shows, stand-up comedy story about love and unexpected challenges."
s335,TV Show,World of Dreams 335,Priya Das,Karan Khan; Ishita Martin; Ananya Sharma,United States,September 10 2025,2018,R,4 Seasons,"Children & Family Movies, Horror Movies","A children & family movies, horror movies story about friendship and unexpected challenges."
s336,TV Show,The Final Season 336,Nina Patel,Daniel Martin; Aarav Sharma; Sneha Das,United Kingdom,July 09 2020,2002,PG,6 Seasons,"Sci-Fi & Fantasy, International Movies","A sci-fi & fantasy, international movies story about love and unexpected challenges."
s337,Movie,Final Mission 337,Priya Das,Ananya Martin; Noah Johnson; Aarav Singh,United Kingdom,October 17 2018,2000,G,161 min,"Sports Movies, Documentaries","A sports movies, documentaries story about family and unexpected challenges."
s338,TV Show,Future World 338,Priya Das,Ishita Johnson; Rahul Martin; Emma Lee,United States,August 12 2023,2016,PG-13,6 Seasons,"Sci-Fi & Fantasy, Action & Adventure","A sci-fi & fantasy, action & adventure story about love and unexpected challenges."
s339,Movie,The Last Signal 339,Anil Sharma,Rahul Wilson; Ishita Singh; Karan Smith,United States,August 12 2024,2022,PG,98 min,Kids' TV,A kids' tv story about ambition and unexpected challenges.
s340,TV Show,The Final Season 340,Sarah Wilson,Rohan Smith; Aditya Johnson; Arjun Patel,United States,September 03 2020,2019,TV-Y7,6 Seasons,"Stand-Up Comedy, International TV Shows","A stand-up comedy, international tv shows story about ambition and unexpected challenges."
s341,Movie,The Silent City 341,Daniel Martin,Priya Johnson; Emma Sen; Liam Patel,South Korea,June 14 2022,2020,NR,162 min,Dramas,A dramas story about adventure and unexpected challenges.
s342,Movie,The Last Journey 342,Unknown,Aditya Mehta; Ananya Johnson; Arjun Lee,United States,June 26 2024,2024,TV-Y7,173 min,Sports Movies,A sports movies story about love and unexpected challenges.
s343,Movie,Broken Dreams 343,Unknown,Priya Martin; Daniel Smith; Lucas Martin,United Kingdom,April 26 2020,2006,G,162 min,"International TV Shows, Comedies","A international tv shows, comedies story about love and unexpected challenges."
s344,Movie,The Last Signal 344,Michael Brown,Kabir Sen; Aditya Johnson; Sophia Sen,Italy,April 17 2019,2008,TV-Y7,92 min,International Movies,A international movies story about ambition and unexpected challenges.
s345,TV Show,Dark Streets 345,Ravi Kumar,Mia Khan; Rahul Gupta; Rohan Lee,United Kingdom,April 25 2025,2000,TV-MA,3 Seasons,"Sports Movies, Action & Adventure","A sports movies, action & adventure story about love and unexpected challenges."
s346,Movie,Beyond the Horizon 346,Priya Das,Sophia Wilson; Sophia Das; Karan Khan,India,October 05 2025,2013,NR,110 min,"Romantic Movies, Kids' TV","A romantic movies, kids' tv story about family and unexpected challenges."
s347,Movie,A New Beginning 347,Unknown,Rahul Lee; Vikram Martin; Daniel Thomas,United States,January 12 2025,2014,PG-13,162 min,"Sports Movies, Documentaries","A sports movies, documentaries story about family and unexpected challenges."
s348,Movie,Shadow Hunter 348,Michael Brown,Daniel Sharma; Ishita Sen; Olivia Roy,Germany,April 17 2025,2024,TV-14,111 min,"Action & Adventure, Crime TV Shows","A action & adventure, crime tv shows story about adventure and unexpected challenges."
s349,Movie,The Great Escape 349,Priya Das,Karan Martin; Lucas Khan; Sophia Johnson,Japan,September 27 2023,2011,TV-PG,127 min,Romantic Movies,A romantic movies story about family and unexpected challenges.
s350,Movie,Summer Rain 350,Anil Sharma,Priya Gupta; Noah Khan; Riya Patel,United Kingdom,March 04 2018,2013,PG-13,100 min,Romantic Movies,A romantic movies story about friendship and unexpected challenges.
s351,Movie,Beyond the Horizon 351,Anil Sharma,Vikram Mehta; Kabir Mehta; Riya Thomas,Japan,August 11 2021,2009,NR,151 min,Kids' TV,A kids' tv story about friendship and unexpected challenges.
s352,Movie,The Last Signal 352,Anil Sharma,,United States,December 21 2023,2015,TV-PG,155 min,Sci-Fi & Fantasy,A sci-fi & fantasy story about love and unexpected challenges.
s353,TV Show,Dark Streets 353,Raj Mehta,Rohan Johnson; Ananya Brown; Aditya Sen,United Kingdom,April 18 2022,2018,R,3 Seasons,Thrillers,A thrillers story about love and unexpected challenges.
s354,Movie,Broken Dreams 354,Nina Patel,Emma Sharma; Arjun Thomas; Noah Johnson,United States,March 03 2018,2011,PG-13,157 min,Kids' TV,A kids' tv story about mystery and unexpected challenges.
s355,TV Show,Life in Mumbai 355,Nina Patel,Kabir Lee; Noah Johnson; Vikram Johnson,United States,September 15 2025,2023,G,4 Seasons,Horror Movies,A horror movies story about ambition and unexpected challenges.
s356,TV Show,Dark Streets 356,Arjun Roy,Rohan Sharma; Aarav Mehta; Rahul Gupta,India,January 13 2025,2024,R,2 Seasons,"Thrillers, Romantic Movies","A thrillers, romantic movies story about mystery and unexpected challenges."
s357,Movie,The Last Journey 357,Sofia Garcia,Mia Patel; Rohan Wilson; Sophia Mehta,India,August 21 2025,2017,G,171 min,Thrillers,A thrillers story about friendship and unexpected challenges.
s358,TV Show,Dark Streets 358,David Lee,Aarav Sharma; Sneha Singh; Riya Das,United Kingdom,October 23 2025,2023,TV-14,6 Seasons,Documentaries,A documentaries story about friendship and unexpected challenges.
s359,Movie,Hidden Truth 359,Daniel Martin,Emma Wilson; Vikram Mehta; Aditi Brown,United States,September 15 2022,2020,PG,149 min,Thrillers,A thrillers story about friendship and unexpected challenges.
s360,TV Show,The Village 360,Raj Mehta,Priya Singh; Olivia Patel; Liam Patel,United Kingdom,May 13 2023,2023,TV-Y,1 Seasons,Sports Movies,A sports movies story about family and unexpected challenges.
s361,TV Show,Code Breakers 361,Anil Sharma,Olivia Singh; Mia Martin; Aarav Johnson,United States,December 11 2020,2003,R,1 Seasons,"Sci-Fi & Fantasy, Romantic Movies","A sci-fi & fantasy, romantic movies story about family and unexpected challenges."
s362,Movie,The Great Escape 362,Arjun Roy,Riya Roy; Daniel Roy; Aarav Patel,France,October 25 2020,2007,NR,143 min,International Movies,A international movies story about mystery and unexpected challenges.
s363,Movie,The Great Escape 363,Arjun Roy,Sophia Khan; Riya Singh; Riya Sen,South Korea,August 24 2024,2024,PG-13,86 min,Stand-Up Comedy,A stand-up comedy story about love and unexpected challenges.
s364,Movie,The Last Journey 364,John Smith,Meera Patel; Rahul Martin; Arjun Brown,Mexico,July 27 2022,2017,PG,84 min,Romantic Movies,A romantic movies story about friendship and unexpected challenges.
s365,Movie,Beyond the Horizon 365,Emma Carter,Sneha Khan; Aarav Sharma; Ishita Singh,United States,July 23 2020,2008,TV-Y7,143 min,Children & Family Movies,A children & family movies story about ambition and unexpected challenges.
s366,TV Show,The New Beginning 366,John Smith,Neha Lee; Aarav Mehta; Rahul Mehta,United States,March 07 2020,2007,R,3 Seasons,Crime TV Shows,A crime tv shows story about love and unexpected challenges.
s367,TV Show,The Investigation 367,Unknown,Vikram Khan; Lucas Mehta; Riya Singh,United States,May 05 2018,2012,G,6 Seasons,"Crime TV Shows, International TV Shows","A crime tv shows, international tv shows story about adventure and unexpected challenges."
s368,Movie,Broken Dreams 368,Raj Mehta,,Canada,December 19 2019,2018,TV-MA,114 min,"Crime TV Shows, Kids' TV","A crime tv shows, kids' tv story about love and unexpected challenges."
s369,Movie,Broken Dreams 369,David Lee,Priya Das; Noah Johnson; Lucas Sen,United Kingdom,August 26 2023,2023,TV-Y7,125 min,"International TV Shows, Action & Adventure","A international tv shows, action & adventure story about adventure and unexpected challenges."
s370,Movie,Broken Dreams 370,Daniel Martin,Sophia Smith; Emma Gupta; Emma Singh,United States,July 11 2025,2015,TV-Y,145 min,Stand-Up Comedy,A stand-up comedy story about love and unexpected challenges.
s371,Movie,Hidden Truth 371,Ravi Kumar,Meera Patel; Aditya Mehta; Neha Roy,Canada,December 15 2018,2003,TV-Y7,81 min,"Sports Movies, Stand-Up Comedy","A sports movies, stand-up comedy story about adventure and unexpected challenges."
s372,TV Show,Dark Streets 372,Nina Patel,Liam Martin; Aarav Thomas; Mia Das,Italy,December 05 2024,2012,PG-13,7 Seasons,"Documentaries, Thrillers","A documentaries, thrillers story about mystery and unexpected challenges."
s373,Movie,Ocean Mystery 373,Unknown,Kabir Khan; Emma Sharma; Aditi Brown,South Korea,March 12 2025,2021,TV-PG,85 min,Sports Movies,A sports movies story about ambition and unexpected challenges.
s374,TV Show,Beyond Time 374,Unknown,Arjun Johnson; Aditya Patel; Kabir Roy,Japan,March 22 2025,2012,TV-14,7 Seasons,Kids' TV,A kids' tv story about family and unexpected challenges.
s375,TV Show,Dark Streets 375,Raj Mehta,Riya Johnson; Mia Sen; Priya Sen,Italy,February 04 2019,2009,TV-Y,7 Seasons,"Stand-Up Comedy, International TV Shows","A stand-up comedy, international tv shows story about family and unexpected challenges."
s376,Movie,Beyond the Horizon 376,Daniel Martin,Daniel Wilson; Arjun Lee; Aditya Gupta,South Korea,February 15 2020,2014,PG-13,136 min,"Comedies, Horror Movies","A comedies, horror movies story about adventure and unexpected challenges."
s377,Movie,The Last Journey 377,Sarah Wilson,Liam Brown; Aditya Lee; Ishita Sharma,Brazil,July 23 2023,2023,TV-Y7,112 min,Thrillers,A thrillers story about adventure and unexpected challenges.
s378,TV Show,Code Breakers 378,Raj Mehta,Lucas Sharma; Ananya Patel; Aarav Roy,Spain,January 20 2025,2014,R,5 Seasons,Kids' TV,A kids' tv story about friendship and unexpected challenges.
s379,Movie,The Great Escape 379,Sarah Wilson,Daniel Wilson; Ishita Mehta; Ishita Martin,France,February 04 2022,2018,TV-PG,81 min,"Documentaries, Horror Movies","A documentaries, horror movies story about mystery and unexpected challenges."
s380,Movie,Lost Memories 380,Michael Brown,Lucas Johnson; Rahul Khan; Lucas Das,United States,November 07 2025,2025,TV-MA,147 min,Stand-Up Comedy,A stand-up comedy story about mystery and unexpected challenges.
s381,TV Show,The Village 381,Anil Sharma,Sophia Das; Ishita Khan; Aditi Roy,United States,March 04 2020,2001,G,1 Seasons,"Documentaries, Action & Adventure","A documentaries, action & adventure story about love and unexpected challenges."
s382,Movie,Summer Rain 382,Priya Das,Aditya Singh; Arjun Sen; Sophia Thomas,France,June 10 2023,2001,PG-13,180 min,"Kids' TV, Sports Movies","A kids' tv, sports movies story about ambition and unexpected challenges."
s383,Movie,Shadow Hunter 383,Ravi Kumar,Neha Smith; Noah Martin; Arjun Roy,United States,November 12 2019,2005,G,91 min,Horror Movies,A horror movies story about adventure and unexpected challenges.
s384,Movie,Shadow Hunter 384,Priya Das,,,April 15 2021,2003,PG-13,175 min,"Documentaries, Sports Movies","A documentaries, sports movies story about friendship and unexpected challenges."
s385,TV Show,Dark Streets 385,Michael Brown,Aditi Sen; Karan Johnson; Karan Johnson,United Kingdom,January 09 2024,2022,TV-14,4 Seasons,Horror Movies,A horror movies story about friendship and unexpected challenges.
s386,Movie,The Secret Island 386,Unknown,Neha Mehta; Aarav Singh; Kabir Johnson,Italy,August 11 2018,2013,R,102 min,Sci-Fi & Fantasy,A sci-fi & fantasy story about ambition and unexpected challenges.
s387,Movie,Ocean Mystery 387,Daniel Martin,Lucas Thomas; Sophia Smith; Riya Roy,Italy,July 09 2022,2020,R,99 min,Sports Movies,A sports movies story about mystery and unexpected challenges.
s388,TV Show,Code Breakers 388,Raj Mehta,Ananya Mehta; Vikram Mehta; Sophia Khan,United States,October 19 2022,2009,NR,6 Seasons,"Sports Movies, Stand-Up Comedy","A sports movies, stand-up comedy story about love and unexpected challenges."
s389,Movie,Broken Dreams 389,Unknown,Priya Khan; Meera Thomas; Noah Patel,United States,January 15 2018,2016,G,128 min,Children & Family Movies,A children & family movies story about family and unexpected challenges.
s390,TV Show,The Family House 390,Raj Mehta,Karan Brown; Kabir Patel; Noah Johnson,United States,July 17 2025,2000,NR,4 Seasons,"International Movies, Children & Family Movies","A international movies, children & family movies story about ambition and unexpected challenges."
s391,Movie,The Last Journey 391,Unknown,Aditya Johnson; Rahul Johnson; Meera Sharma,United States,July 10 2025,2024,R,81 min,"Crime TV Shows, Thrillers","A crime tv shows, thrillers story about mystery and unexpected challenges."
s392,Movie,Lost Memories 392,Michael Brown,Karan Sharma; Arjun Smith; Neha Khan,United States,June 20 2023,2021,TV-Y7,95 min,International TV Shows,A international tv shows story about friendship and unexpected challenges.
s393,Movie,Beyond the Horizon 393,Nina Patel,Arjun Das; Rahul Das; Arjun Lee,India,December 18 2025,2022,NR,110 min,Sci-Fi & Fantasy,A sci-fi & fantasy story about love and unexpected challenges.
s394,Movie,Lost Memories 394,Ravi Kumar,Rahul Thomas; Vikram Brown; Olivia Gupta,France,October 09 2024,2010,R,122 min,"Documentaries, Stand-Up Comedy","A documentaries, stand-up comedy story about adventure and unexpected challenges."
s395,TV Show,Young Hearts 395,Raj Mehta,Noah Johnson; Olivia Roy; Ananya Sen,United States,December 12 2022,2004,NR,3 Seasons,International TV Shows,A international tv shows story about love and unexpected challenges.
s396,Movie,The Last Signal 396,Sofia Garcia,Liam Johnson; Emma Johnson; Aditya Johnson,Canada,December 23 2025,2025,TV-PG,129 min,Sci-Fi & Fantasy,A sci-fi & fantasy story about mystery and unexpected challenges.
s397,Movie,Shadow Hunter 397,Emma Carter,Sneha Brown; Karan Martin; Priya Das,France,February 04 2019,2012,TV-Y7,162 min,Romantic Movies,A romantic movies story about adventure and unexpected challenges.
s398,Movie,A New Beginning 398,Arjun Roy,Neha Thomas; Daniel Sen; Priya Patel,United States,June 27 2024,2020,TV-Y,138 min,"Action & Adventure, Kids' TV","A action & adventure, kids' tv story about ambition and unexpected challenges."
s399,Movie,The Secret Island 399,Priya Das,Karan Roy; Arjun Roy; Aditi Johnson,United States,July 08 2025,2023,TV-PG,92 min,Horror Movies,A horror movies story about adventure and unexpected challenges.
s400,Movie,A New Beginning 400,Emma Carter,Sneha Khan; Mia Thomas; Rahul Das,India,October 14 2022,2022,G,103 min,"Kids' TV, International TV Shows","A kids' tv, international tv shows story about love and unexpected challenges."
s401,Movie,Midnight Road 401,Unknown,Sneha Thomas; Kabir Thomas; Vikram Patel,India,December 26 2024,2019,PG,132 min,"Comedies, Children & Family Movies","A comedies, children & family movies story about adventure and unexpected challenges."
s402,Movie,Summer Rain 402,Daniel Martin,Aditya Smith; Neha Mehta; Ishita Martin,United States,January 16 2025,2013,TV-14,81 min,Documentaries,A documentaries story about mystery and unexpected challenges.
s403,TV Show,The Last Chapter 403,Daniel Martin,Sophia Brown; Meera Khan; Noah Martin,United States,March 06 2025,2014,G,1 Seasons,"Sci-Fi & Fantasy, Action & Adventure","A sci-fi & fantasy, action & adventure story about adventure and unexpected challenges."
s404,TV Show,The Last Chapter 404,Michael Brown,Ishita Das; Rohan Wilson; Rahul Smith,United States,April 08 2021,2011,TV-MA,5 Seasons,Sports Movies,A sports movies story about ambition and unexpected challenges.
s405,TV Show,Code Breakers 405,Anil Sharma,Priya Mehta; Daniel Das; Sophia Wilson,United States,February 11 2022,2020,TV-Y7,7 Seasons,"Romantic Movies, Dramas","A romantic movies, dramas story about mystery and unexpected challenges."
s406,Movie,Lost Memories 406,Emma Carter,Riya Wilson; Vikram Khan; Ananya Das,Japan,July 15 2018,2007,PG-13,109 min,Action & Adventure,A action & adventure story about ambition and unexpected challenges.
s407,TV Show,World of Dreams 407,Priya Das,Priya Thomas; Olivia Lee; Meera Brown,India,November 17 2025,2011,PG-13,7 Seasons,"Comedies, Sci-Fi & Fantasy","A comedies, sci-fi & fantasy story about mystery and unexpected challenges."
s408,TV Show,The Family House 408,Michael Brown,Vikram Sen; Riya Smith; Sophia Martin,United States,March 18 2023,2001,PG-13,6 Seasons,Kids' TV,A kids' tv story about family and unexpected challenges.
s409,Movie,Lost Memories 409,Sofia Garcia,Vikram Das; Karan Lee; Arjun Patel,United States,August 13 2021,2005,PG-13,139 min,Stand-Up Comedy,A stand-up comedy story about love and unexpected challenges.
s410,Movie,The Great Escape 410,Anil Sharma,Vikram Lee; Liam Das; Noah Sharma,United Kingdom,August 06 2023,2018,NR,101 min,Sci-Fi & Fantasy,A sci-fi & fantasy story about adventure and unexpected challenges.
s411,Movie,Final Mission 411,Nina Patel,Karan Johnson; Sophia Mehta; Aarav Gupta,India,November 03 2020,2013,TV-PG,84 min,Action & Adventure,A action & adventure story about family and unexpected challenges.
s412,TV Show,Future World 412,Nina Patel,Ishita Patel; Ishita Sen; Meera Roy,India,April 23 2025,2003,NR,2 Seasons,Crime TV Shows,A crime tv shows story about friendship and unexpected challenges.
s413,TV Show,Future World 413,Sarah Wilson,Karan Singh; Liam Roy; Arjun Brown,United States,December 17 2020,2009,TV-PG,5 Seasons,Crime TV Shows,A crime tv shows story about mystery and unexpected challenges.
s414,Movie,The Last Journey 414,Priya Das,Sneha Sharma; Ishita Roy; Neha Gupta,Canada,December 08 2024,2002,R,150 min,Children & Family Movies,A children & family movies story about ambition and unexpected challenges.
s415,Movie,Final Mission 415,Ravi Kumar,Ishita Sen; Aditi Johnson; Riya Das,South Korea,July 01 2025,2018,PG-13,163 min,"Thrillers, Sci-Fi & Fantasy","A thrillers, sci-fi & fantasy story about friendship and unexpected challenges."
s416,Movie,Midnight Road 416,David Lee,Rohan Martin; Aditi Smith; Kabir Wilson,India,March 23 2021,2014,TV-14,135 min,Thrillers,A thrillers story about ambition and unexpected challenges.
s417,TV Show,Future World 417,Unknown,,United States,May 25 2024,2015,R,2 Seasons,International TV Shows,A international tv shows story about mystery and unexpected challenges.
s418,Movie,The Silent City 418,Sarah Wilson,Sneha Martin; Ishita Lee; Neha Martin,Germany,May 13 2025,2025,TV-PG,121 min,"Sports Movies, Sci-Fi & Fantasy","A sports movies, sci-fi & fantasy story about friendship and unexpected challenges."
s419,Movie,The Secret Island 419,Daniel Martin,Ishita Wilson; Priya Sen; Rohan Roy,United Kingdom,April 22 2025,2007,PG-13,115 min,"Sports Movies, Crime TV Shows","A sports movies, crime tv shows story about mystery and unexpected challenges."
s420,Movie,Beyond the Horizon 420,Anil Sharma,Sneha Brown; Sophia Gupta; Neha Thomas,Japan,June 24 2022,2012,TV-MA,127 min,"Sports Movies, Dramas","A sports movies, dramas story about family and unexpected challenges."
s421,Movie,The Secret Island 421,Arjun Roy,Aditi Thomas; Ananya Roy; Rahul Patel,United Kingdom,May 10 2025,2024,PG-13,123 min,"Thrillers, International TV Shows","A thrillers, international tv shows story about friendship and unexpected challenges."
s422,TV Show,Beyond Time 422,Ravi Kumar,Meera Khan; Meera Das; Sneha Patel,India,March 13 2023,2022,TV-14,5 Seasons,Action & Adventure,A action & adventure story about adventure and unexpected challenges.
s423,TV Show,Code Breakers 423,Raj Mehta,Karan Singh; Mia Thomas; Ananya Martin,Germany,April 09 2025,2023,TV-Y,6 Seasons,Horror Movies,A horror movies story about adventure and unexpected challenges.
s424,Movie,Broken Dreams 424,Priya Das,Liam Wilson; Mia Martin; Priya Johnson,United States,December 17 2018,2016,TV-PG,118 min,"Sci-Fi & Fantasy, International Movies","A sci-fi & fantasy, international movies story about love and unexpected challenges."
s425,Movie,Midnight Road 425,Daniel Martin,,France,August 08 2022,2007,TV-MA,108 min,"Horror Movies, Comedies","A horror movies, comedies story about friendship and unexpected challenges."
s426,Movie,Summer Rain 426,Arjun Roy,Mia Roy; Rohan Gupta; Rahul Mehta,India,May 18 2023,2009,NR,161 min,"International Movies, Comedies","A international movies, comedies story about ambition and unexpected challenges."
s427,Movie,Lost Memories 427,Anil Sharma,Karan Sharma; Sophia Martin; Olivia Sharma,United Kingdom,June 13 2021,2003,G,82 min,"Children & Family Movies, Horror Movies","A children & family movies, horror movies story about love and unexpected challenges."
s428,Movie,Midnight Road 428,John Smith,Riya Lee; Ishita Das; Noah Mehta,Italy,October 05 2021,2012,TV-14,153 min,"Stand-Up Comedy, Children & Family Movies","A stand-up comedy, children & family movies story about ambition and unexpected challenges."
s429,TV Show,City Lights 429,Anil Sharma,Aarav Sharma; Aditya Martin; Priya Khan,,July 10 2020,2013,TV-PG,3 Seasons,Dramas,A dramas story about friendship and unexpected challenges.
s430,Movie,Hidden Truth 430,Arjun Roy,Olivia Johnson; Aditya Roy; Riya Gupta,Germany,October 01 2021,2012,TV-Y7,95 min,"Dramas, Kids' TV","A dramas, kids' tv story about love and unexpected challenges."
s431,Movie,Summer Rain 431,Unknown,Karan Sharma; Noah Roy; Priya Brown,United States,July 15 2024,2022,PG-13,162 min,"Horror Movies, Sci-Fi & Fantasy","A horror movies, sci-fi & fantasy story about love and unexpected challenges."
s432,Movie,A New Beginning 432,John Smith,Mia Brown; Aditi Thomas; Ishita Brown,United States,July 06 2018,2000,TV-14,173 min,Children & Family Movies,A children & family movies story about friendship and unexpected challenges.
s433,TV Show,The Last Chapter 433,Anil Sharma,Olivia Sen; Liam Gupta; Ananya Roy,United Kingdom,October 23 2024,2002,PG,2 Seasons,"Romantic Movies, International TV Shows","A romantic movies, international tv shows story about ambition and unexpected challenges."
s434,Movie,A New Beginning 434,Unknown,Ishita Lee; Aditi Mehta; Daniel Brown,Spain,November 10 2023,2000,NR,129 min,"Crime TV Shows, International TV Shows","A crime tv shows, international tv shows story about adventure and unexpected challenges."
s435,Movie,Broken Dreams 435,Unknown,Emma Das; Mia Gupta; Arjun Wilson,India,February 02 2022,2008,G,116 min,"Action & Adventure, Thrillers","A action & adventure, thrillers story about friendship and unexpected challenges."
s436,TV Show,Beyond Time 436,David Lee,Arjun Mehta; Neha Sharma; Kabir Wilson,United States,July 14 2023,2020,PG-13,4 Seasons,"Comedies, Stand-Up Comedy","A comedies, stand-up comedy story about ambition and unexpected challenges."
s437,Movie,Final Mission 437,Nina Patel,Mia Patel; Aditya Das; Vikram Mehta,Italy,April 20 2021,2014,NR,102 min,Documentaries,A documentaries story about friendship and unexpected challenges.
s438,TV Show,Code Breakers 438,Sofia Garcia,Ishita Gupta; Rahul Johnson; Vikram Sharma,United States,November 16 2020,2002,PG,3 Seasons,Horror Movies,A horror movies story about love and unexpected challenges.
s439,TV Show,Future World 439,Michael Brown,Neha Patel; Arjun Singh; Liam Thomas,United States,August 06 2025,2023,R,3 Seasons,"Crime TV Shows, Dramas","A crime tv shows, dramas story about adventure and unexpected challenges."
s440,Movie,The Silent City 440,Sarah Wilson,Sneha Sen; Liam Lee; Karan Sen,United States,April 06 2019,2018,TV-PG,101 min,Comedies,A comedies story about friendship and unexpected challenges.
s441,Movie,Broken Dreams 441,Nina Patel,Rohan Lee; Riya Brown; Meera Das,France,August 17 2021,2003,R,144 min,"Action & Adventure, Dramas","A action & adventure, dramas story about adventure and unexpected challenges."
s442,TV Show,The Village 442,Emma Carter,Emma Sharma; Noah Thomas; Karan Gupta,Mexico,March 16 2023,2005,R,1 Seasons,"Crime TV Shows, Action & Adventure","A crime tv shows, action & adventure story about love and unexpected challenges."
s443,Movie,The Silent City 443,David Lee,Kabir Sharma; Neha Singh; Mia Das,United Kingdom,November 13 2025,2016,,92 min,Crime TV Shows,A crime tv shows story about family and unexpected challenges.
s444,Movie,The Secret Island 444,Anil Sharma,Rahul Das; Noah Gupta; Aditi Gupta,India,November 25 2025,2003,TV-Y,77 min,"International TV Shows, Stand-Up Comedy","A international tv shows, stand-up comedy story about family and unexpected challenges."
s445,Movie,The Silent City 445,Sofia Garcia,Ishita Gupta; Sneha Johnson; Daniel Johnson,United Kingdom,June 21 2018,2018,TV-Y7,98 min,"Dramas, Crime TV Shows","A dramas, crime tv shows story about adventure and unexpected challenges."
s446,TV Show,Beyond Time 446,Unknown,Aditya Singh; Daniel Patel; Vikram Brown,South Korea,July 20 2019,2006,G,3 Seasons,Sports Movies,A sports movies story about family and unexpected challenges.
s447,Movie,Lost Memories 447,Raj Mehta,Neha Patel; Arjun Sen; Daniel Lee,United States,May 04 2021,2021,PG-13,161 min,"Kids' TV, Romantic Movies","A kids' tv, romantic movies story about ambition and unexpected challenges."
s448,Movie,The Secret Island 448,Raj Mehta,Mia Brown; Aditi Lee; Daniel Mehta,Australia,November 21 2023,2020,NR,94 min,"Romantic Movies, International Movies","A romantic movies, international movies story about adventure and unexpected challenges."
s449,Movie,Summer Rain 449,,Meera Thomas; Liam Martin; Olivia Mehta,United States,October 18 2025,2008,PG-13,88 min,"Children & Family Movies, International TV Shows","A children & family movies, international tv shows story about love and unexpected challenges."
s450,Movie,The Last Signal 450,Raj Mehta,Noah Singh; Aarav Singh; Ananya Johnson,,March 13 2023,2008,R,143 min,Comedies,A comedies story about family and unexpected challenges.
s451,Movie,The Secret Island 451,Nina Patel,Arjun Wilson; Neha Smith; Aditya Thomas,Spain,January 14 2024,2022,G,90 min,Stand-Up Comedy,A stand-up comedy story about mystery and unexpected challenges.
s452,Movie,A New Beginning 452,Daniel Martin,Riya Martin; Ishita Sharma; Rahul Martin,India,February 01 2023,2006,PG,141 min,Children & Family Movies,A children & family movies story about friendship and unexpected challenges.
s453,Movie,The Last Signal 453,Unknown,Sophia Das; Aditya Sen; Ishita Sen,United States,February 23 2024,2024,NR,126 min,Comedies,A comedies story about adventure and unexpected challenges.
s454,Movie,Ocean Mystery 454,Raj Mehta,Rahul Brown; Liam Gupta; Neha Sen,Australia,March 27 2018,2014,TV-14,124 min,"Thrillers, Action & Adventure","A thrillers, action & adventure story about adventure and unexpected challenges."
s455,Movie,Summer Rain 455,Nina Patel,Aarav Johnson; Ananya Wilson; Aarav Khan,India,July 02 2020,2000,TV-MA,169 min,"Romantic Movies, International Movies","A romantic movies, international movies story about mystery and unexpected challenges."
s456,TV Show,Code Breakers 456,Raj Mehta,Sophia Singh; Sophia Wilson; Sneha Mehta,United Kingdom,February 17 2023,2007,PG,5 Seasons,Thrillers,A thrillers story about mystery and unexpected challenges.
s457,TV Show,Life in Mumbai 457,John Smith,Rohan Johnson; Sneha Sharma; Aditya Wilson,India,November 01 2024,2022,TV-14,1 Seasons,Comedies,A comedies story about mystery and unexpected challenges.
s458,Movie,Hidden Truth 458,Sofia Garcia,Riya Gupta; Daniel Khan; Ananya Mehta,Australia,February 11 2019,2004,G,148 min,Children & Family Movies,A children & family movies story about friendship and unexpected challenges.
s459,Movie,Final Mission 459,Arjun Roy,Rohan Mehta; Noah Das; Liam Sharma,United States,October 15 2025,2013,PG-13,98 min,"International Movies, Kids' TV","A international movies, kids' tv story about family and unexpected challenges."
s460,Movie,The Last Journey 460,Daniel Martin,Aditya Sen; Aarav Sen; Sophia Mehta,United Kingdom,March 13 2022,2005,NR,160 min,Action & Adventure,A action & adventure story about adventure and unexpected challenges.
s461,Movie,Hidden Truth 461,Priya Das,Emma Thomas; Meera Lee; Arjun Sharma,Germany,March 13 2020,2016,TV-14,152 min,Comedies,A comedies story about mystery and unexpected challenges.
s462,Movie,Summer Rain 462,Unknown,Meera Johnson; Mia Mehta; Meera Roy,United States,August 26 2023,2016,TV-14,175 min,"Horror Movies, Kids' TV","A horror movies, kids' tv story about ambition and unexpected challenges."
s463,Movie,Midnight Road 463,Anil Sharma,Arjun Lee; Ishita Thomas; Rahul Gupta,India,November 05 2024,2015,TV-Y,77 min,"Stand-Up Comedy, Comedies","A stand-up comedy, comedies story about adventure and unexpected challenges."
s464,Movie,Broken Dreams 464,Daniel Martin,Ananya Gupta; Ishita Patel; Neha Martin,Brazil,September 21 2018,2015,TV-Y,133 min,Dramas,A dramas story about friendship and unexpected challenges.
s465,TV Show,The New Beginning 465,Sarah Wilson,Mia Patel; Rohan Lee; Emma Wilson,United States,November 04 2023,2020,TV-MA,5 Seasons,"Kids' TV, Thrillers","A kids' tv, thrillers story about adventure and unexpected challenges."
s466,Movie,Ocean Mystery 466,Raj Mehta,Vikram Martin; Olivia Gupta; Aarav Sen,Canada,January 14 2021,2002,TV-Y,168 min,"Kids' TV, Dramas","A kids' tv, dramas story about family and unexpected challenges."
s467,Movie,Summer Rain 467,Raj Mehta,Neha Das; Liam Brown; Ishita Smith,India,April 15 2019,2003,NR,159 min,"Kids' TV, Sports Movies","A kids' tv, sports movies story about ambition and unexpected challenges."
s468,Movie,Summer Rain 468,Anil Sharma,Riya Brown; Vikram Gupta; Riya Patel,France,October 21 2021,2013,TV-MA,155 min,Dramas,A dramas story about mystery and unexpected challenges.
s469,Movie,The Silent City 469,Arjun Roy,Aarav Thomas; Vikram Gupta; Olivia Johnson,Japan,May 08 2022,2008,G,151 min,Children & Family Movies,A children & family movies story about adventure and unexpected challenges.
s470,Movie,The Last Journey 470,Daniel Martin,Daniel Wilson; Aditi Gupta; Sophia Das,United States,October 20 2025,2018,G,137 min,"Crime TV Shows, Action & Adventure","A crime tv shows, action & adventure story about family and unexpected challenges."
s471,Movie,Midnight Road 471,Priya Das,Meera Patel; Ishita Das; Priya Patel,Germany,April 24 2024,2021,G,91 min,"Children & Family Movies, Stand-Up Comedy","A children & family movies, stand-up comedy story about mystery and unexpected challenges."
s472,TV Show,World of Dreams 472,John Smith,Arjun Thomas; Aditi Lee; Aarav Smith,France,January 01 2021,2003,G,2 Seasons,Thrillers,A thrillers story about ambition and unexpected challenges.
s473,TV Show,The New Beginning 473,Priya Das,Karan Martin; Lucas Lee; Olivia Johnson,United States,October 10 2021,2019,G,5 Seasons,Horror Movies,A horror movies story about friendship and unexpected challenges.
s474,TV Show,The Family House 474,David Lee,Neha Khan; Aditi Lee; Rohan Smith,India,March 02 2020,2019,PG-13,6 Seasons,Crime TV Shows,A crime tv shows story about ambition and unexpected challenges.
s475,Movie,Summer Rain 475,Raj Mehta,Arjun Martin; Daniel Johnson; Karan Mehta,Mexico,August 25 2018,2016,TV-14,131 min,Dramas,A dramas story about family and unexpected challenges.
s476,TV Show,Hidden Stories 476,Daniel Martin,Riya Smith; Kabir Gupta; Ananya Sharma,Mexico,November 24 2020,2001,PG,6 Seasons,Thrillers,A thrillers story about adventure and unexpected challenges.
s477,Movie,Beyond the Horizon 477,Michael Brown,Daniel Khan; Aditi Mehta; Aarav Johnson,India,January 20 2022,2010,TV-Y7,112 min,Crime TV Shows,A crime tv shows story about mystery and unexpected challenges.
s478,Movie,The Silent City 478,John Smith,Olivia Wilson; Ananya Roy; Aditya Martin,France,January 05 2020,2001,TV-Y,92 min,"International TV Shows, Dramas","A international tv shows, dramas story about mystery and unexpected challenges."
s479,TV Show,Code Breakers 479,Anil Sharma,Ananya Gupta; Lucas Brown; Rohan Singh,Canada,January 02 2020,2006,NR,1 Seasons,"International TV Shows, Horror Movies","A international tv shows, horror movies story about ambition and unexpected challenges."
s480,TV Show,The Last Chapter 480,Emma Carter,Daniel Sharma; Daniel Singh; Daniel Roy,Italy,July 25 2025,2001,PG,4 Seasons,"Horror Movies, Sci-Fi & Fantasy","A horror movies, sci-fi & fantasy story about love and unexpected challenges."
s481,Movie,Ocean Mystery 481,Sarah Wilson,Emma Thomas; Priya Khan; Noah Wilson,United States,July 22 2018,2001,TV-Y7,87 min,"Action & Adventure, Kids' TV","A action & adventure, kids' tv story about adventure and unexpected challenges."
s482,Movie,The Last Signal 482,Emma Carter,Aditya Gupta; Sneha Brown; Rahul Sen,India,December 18 2024,2019,TV-Y7,99 min,"International TV Shows, Dramas","A international tv shows, dramas story about family and unexpected challenges."
s483,TV Show,Life in Mumbai 483,Sofia Garcia,Emma Sen; Lucas Thomas; Sophia Khan,United States,January 02 2021,2016,TV-Y7,6 Seasons,Dramas,A dramas story about friendship and unexpected challenges.
s484,Movie,Lost Memories 484,Emma Carter,Daniel Brown; Sophia Wilson; Rohan Singh,United States,September 09 2021,2014,TV-14,95 min,"Sci-Fi & Fantasy, Sports Movies","A sci-fi & fantasy, sports movies story about friendship and unexpected challenges."
s485,Movie,Hidden Truth 485,Sarah Wilson,Lucas Johnson; Riya Das; Olivia Smith,South Korea,August 21 2024,2015,R,97 min,Kids' TV,A kids' tv story about love and unexpected challenges.
s486,Movie,The Secret Island 486,Michael Brown,Sophia Das; Aditi Smith; Daniel Khan,Canada,April 20 2021,2000,PG-13,111 min,"Documentaries, Stand-Up Comedy","A documentaries, stand-up comedy story about adventure and unexpected challenges."
s487,Movie,Hidden Truth 487,Michael Brown,Vikram Singh; Neha Das; Aditya Smith,United States,January 24 2022,2017,PG-13,118 min,"Horror Movies, International TV Shows","A horror movies, international tv shows story about family and unexpected challenges."
s488,TV Show,The Investigation 488,Arjun Roy,Arjun Sen; Rahul Smith; Ishita Martin,France,May 26 2020,2009,PG-13,1 Seasons,Children & Family Movies,A children & family movies story about family and unexpected challenges.
s489,TV Show,The Final Season 489,Anil Sharma,Sneha Das; Priya Brown; Olivia Martin,Japan,June 11 2024,2022,PG,2 Seasons,International TV Shows,A international tv shows story about family and unexpected challenges.
s490,TV Show,Future World 490,Raj Mehta,Aditya Johnson; Ishita Sen; Emma Smith,Mexico,May 24 2018,2015,TV-Y7,3 Seasons,"Horror Movies, Action & Adventure","A horror movies, action & adventure story about friendship and unexpected challenges."
s491,Movie,The Great Escape 491,John Smith,Noah Roy; Aditya Wilson; Aditi Patel,United States,February 14 2018,2014,PG,150 min,"Action & Adventure, Sports Movies","A action & adventure, sports movies story about friendship and unexpected challenges."
s492,Movie,The Last Journey 492,Nina Patel,Meera Wilson; Arjun Das; Priya Gupta,India,April 07 2023,2005,TV-Y7,93 min,Comedies,A comedies story about ambition and unexpected challenges.
s493,Movie,The Last Signal 493,Anil Sharma,Kabir Lee; Arjun Martin; Aditi Mehta,United States,February 17 2021,2018,TV-PG,84 min,"Comedies, Sports Movies","A comedies, sports movies story about friendship and unexpected challenges."
s494,Movie,Shadow Hunter 494,Raj Mehta,Neha Patel; Vikram Smith; Mia Wilson,United Kingdom,June 12 2023,2023,TV-Y,133 min,Action & Adventure,A action & adventure story about adventure and unexpected challenges.
s495,TV Show,Life in Mumbai 495,Emma Carter,Liam Lee; Ananya Khan; Priya Patel,United States,October 21 2021,2002,TV-Y,6 Seasons,"Romantic Movies, International TV Shows","A romantic movies, international tv shows story about love and unexpected challenges."
s496,TV Show,Code Breakers 496,David Lee,Mia Khan; Rohan Johnson; Kabir Singh,India,June 27 2019,2015,PG,2 Seasons,"Documentaries, International TV Shows","A documentaries, international tv shows story about mystery and unexpected challenges."
s497,TV Show,Young Hearts 497,Sofia Garcia,Aditi Martin; Aditya Gupta; Priya Smith,United States,May 09 2022,2012,TV-Y7,7 Seasons,"International TV Shows, International Movies","A international tv shows, international movies story about family and unexpected challenges."
s498,Movie,Hidden Truth 498,John Smith,Daniel Gupta; Lucas Khan; Riya Singh,South Korea,July 23 2020,2000,PG-13,168 min,Stand-Up Comedy,A stand-up comedy story about ambition and unexpected challenges.
s499,Movie,Broken Dreams 499,John Smith,Aditya Gupta; Sneha Brown; Daniel Singh,United States,July 15 2024,2024,TV-Y,162 min,Kids' TV,A kids' tv story about family and unexpected challenges.
s500,Movie,The Great Escape 500,Emma Carter,Aditya Johnson; Sneha Lee; Priya Khan,Spain,February 03 2022,2010,TV-PG,136 min,"Dramas, Action & Adventure","A dramas, action & adventure story about mystery and unexpected challenges."
s501,Movie,Hidden Truth 501,Unknown,Liam Das; Priya Sen; Kabir Thomas,South Korea,January 26 2019,2019,TV-PG,137 min,Comedies,A comedies story about ambition and unexpected challenges.
s502,TV Show,Future World 502,Emma Carter,Emma Singh; Sneha Patel; Priya Gupta,United States,September 15 2021,2008,PG,2 Seasons,"Dramas, Children & Family Movies","A dramas, children & family movies story about family and unexpected challenges."
s503,Movie,Final Mission 503,John Smith,Daniel Singh; Aditya Das; Neha Sen,United States,December 15 2020,2005,G,168 min,"Dramas, Romantic Movies","A dramas, romantic movies story about adventure and unexpected challenges."
s504,Movie,Broken Dreams 504,Sarah Wilson,Aarav Mehta; Emma Lee; Aditi Khan,Canada,July 15 2023,2013,TV-PG,165 min,Thrillers,A thrillers story about ambition and unexpected challenges.
s505,Movie,Final Mission 505,Emma Carter,Olivia Lee; Rohan Johnson; Daniel Thomas,South Korea,February 24 2024,2021,PG-13,90 min,Romantic Movies,A romantic movies story about family and unexpected challenges.
s506,TV Show,Future World 506,Michael Brown,Sophia Smith; Ishita Patel; Emma Khan,Japan,November 10 2024,2001,TV-Y,7 Seasons,"Children & Family Movies, Sci-Fi & Fantasy","A children & family movies, sci-fi & fantasy story about friendship and unexpected challenges."
s507,Movie,The Great Escape 507,Priya Das,Rohan Thomas; Vikram Khan; Mia Mehta,United States,August 07 2020,2006,TV-PG,137 min,"International Movies, Sci-Fi & Fantasy","A international movies, sci-fi & fantasy story about ambition and unexpected challenges."
s508,Movie,The Secret Island 508,Sofia Garcia,Sophia Sen; Neha Roy; Aditi Khan,United States,May 24 2022,2006,G,102 min,"Romantic Movies, Kids' TV","A romantic movies, kids' tv story about friendship and unexpected challenges."
s509,TV Show,World of Dreams 509,Nina Patel,Rohan Khan; Vikram Gupta; Emma Roy,Spain,September 04 2024,2023,R,7 Seasons,Crime TV Shows,A crime tv shows story about family and unexpected challenges.
s510,Movie,The Great Escape 510,Raj Mehta,Aditi Sen; Liam Khan; Emma Smith,Germany,August 11 2025,2012,R,91 min,Sports Movies,A sports movies story about family and unexpected challenges.
s511,Movie,Beyond the Horizon 511,Daniel Martin,Neha Johnson; Olivia Mehta; Riya Sharma,South Korea,May 14 2025,2025,TV-PG,127 min,Comedies,A comedies story about family and unexpected challenges.
s512,Movie,Beyond the Horizon 512,John Smith,Riya Gupta; Rahul Das; Ishita Patel,United States,April 13 2024,2005,NR,120 min,Children & Family Movies,A children & family movies story about friendship and unexpected challenges.
s513,Movie,The Last Signal 513,Priya Das,Rahul Wilson; Kabir Sharma; Noah Johnson,India,May 17 2024,2021,PG,164 min,Documentaries,A documentaries story about friendship and unexpected challenges.
s514,Movie,Hidden Truth 514,Arjun Roy,Sophia Brown; Kabir Thomas; Arjun Lee,Japan,April 10 2025,2007,TV-14,78 min,"Documentaries, Comedies","A documentaries, comedies story about mystery and unexpected challenges."
s515,TV Show,The Last Chapter 515,Anil Sharma,Arjun Das; Noah Roy; Meera Thomas,Australia,June 21 2024,2014,R,2 Seasons,"Sci-Fi & Fantasy, Crime TV Shows","A sci-fi & fantasy, crime tv shows story about friendship and unexpected challenges."
s516,Movie,Summer Rain 516,Ravi Kumar,Sneha Das; Kabir Das; Daniel Gupta,United States,June 02 2020,2014,TV-Y7,91 min,"Sci-Fi & Fantasy, Kids' TV","A sci-fi & fantasy, kids' tv story about family and unexpected challenges."
s517,TV Show,The New Beginning 517,Unknown,Noah Patel; Lucas Mehta; Ishita Patel,United States,March 18 2022,2003,TV-PG,4 Seasons,"International TV Shows, Children & Family Movies","A international tv shows, children & family movies story about mystery and unexpected challenges."
s518,Movie,Summer Rain 518,Arjun Roy,Mia Thomas; Ishita Sharma; Vikram Sharma,United Kingdom,July 25 2020,2017,TV-PG,162 min,Comedies,A comedies story about mystery and unexpected challenges.
s519,Movie,A New Beginning 519,Priya Das,Sneha Smith; Emma Patel; Ishita Sen,United States,February 12 2021,2006,TV-14,104 min,"Horror Movies, Romantic Movies","A horror movies, romantic movies story about love and unexpected challenges."
s520,Movie,A New Beginning 520,Priya Das,Rohan Roy; Noah Gupta; Riya Johnson,United Kingdom,May 14 2019,2012,TV-Y,149 min,Sci-Fi & Fantasy,A sci-fi & fantasy story about family and unexpected challenges.
s521,Movie,The Great Escape 521,Unknown,Aarav Khan; Rahul Johnson; Neha Martin,Germany,March 05 2019,2001,R,140 min,International Movies,A international movies story about adventure and unexpected challenges.
s522,TV Show,World of Dreams 522,Unknown,Olivia Singh; Meera Johnson; Ananya Gupta,South Korea,October 08 2023,2020,TV-Y7,4 Seasons,Comedies,A comedies story about love and unexpected challenges.
s523,TV Show,Hidden Stories 523,Unknown,Lucas Smith; Daniel Johnson; Lucas Lee,United States,October 11 2024,2010,G,3 Seasons,"Children & Family Movies, Stand-Up Comedy","A children & family movies, stand-up comedy story about mystery and unexpected challenges."
s524,TV Show,Young Hearts 524,Raj Mehta,Liam Roy; Liam Lee; Ananya Singh,United States,May 02 2022,2002,R,1 Seasons,Romantic Movies,A romantic movies story about adventure and unexpected challenges.
s525,Movie,Summer Rain 525,Michael Brown,Olivia Sen; Priya Khan; Neha Singh,United States,February 07 2023,2023,TV-Y,111 min,International Movies,A international movies story about mystery and unexpected challenges.
s526,Movie,The Last Journey 526,Daniel Martin,Daniel Sen; Priya Mehta; Sophia Lee,United States,September 21 2019,2017,PG-13,176 min,"Sci-Fi & Fantasy, Horror Movies","A sci-fi & fantasy, horror movies story about ambition and unexpected challenges."
s527,Movie,The Last Signal 527,Unknown,Aditya Lee; Meera Wilson; Vikram Mehta,South Korea,August 03 2022,2003,TV-14,93 min,"Stand-Up Comedy, Sci-Fi & Fantasy","A stand-up comedy, sci-fi & fantasy story about adventure and unexpected challenges."
s528,Movie,Midnight Road 528,Raj Mehta,Liam Smith; Priya Patel; Karan Mehta,France,October 18 2021,2002,TV-MA,122 min,"Comedies, Sports Movies","A comedies, sports movies story about adventure and unexpected challenges."
s529,TV Show,Future World 529,David Lee,Lucas Das; Kabir Martin; Noah Gupta,Canada,June 01 2019,2011,PG,2 Seasons,"Dramas, Sci-Fi & Fantasy","A dramas, sci-fi & fantasy story about adventure and unexpected challenges."
s530,Movie,Summer Rain 530,Raj Mehta,Daniel Roy; Vikram Sen; Lucas Gupta,France,April 11 2022,2008,TV-14,93 min,"International TV Shows, Horror Movies","A international tv shows, horror movies story about ambition and unexpected challenges."
s531,Movie,The Last Signal 531,Sarah Wilson,Lucas Thomas; Karan Thomas; Karan Sharma,South Korea,October 14 2025,2022,NR,116 min,"Romantic Movies, Dramas","A romantic movies, dramas story about ambition and unexpected challenges."
s532,TV Show,Dark Streets 532,Ravi Kumar,Ishita Lee; Riya Singh; Rahul Wilson,United States,April 21 2024,2005,PG-13,2 Seasons,"Romantic Movies, Children & Family Movies","A romantic movies, children & family movies story about adventure and unexpected challenges."
s533,Movie,The Silent City 533,Sarah Wilson,Emma Roy; Liam Das; Liam Mehta,United States,May 18 2025,2016,TV-Y7,169 min,Romantic Movies,A romantic movies story about mystery and unexpected challenges.
s534,Movie,Broken Dreams 534,Michael Brown,Aarav Brown; Aditya Patel; Lucas Lee,India,February 03 2023,2010,PG,141 min,"Comedies, Romantic Movies","A comedies, romantic movies story about mystery and unexpected challenges."
s535,Movie,Lost Memories 535,David Lee,Noah Sharma; Sneha Das; Lucas Wilson,India,July 15 2020,2011,R,129 min,"Comedies, International Movies","A comedies, international movies story about adventure and unexpected challenges."
s536,TV Show,Beyond Time 536,Raj Mehta,Emma Patel; Meera Singh; Priya Mehta,Spain,October 07 2025,2025,R,2 Seasons,"Horror Movies, Children & Family Movies","A horror movies, children & family movies story about family and unexpected challenges."
s537,TV Show,Dark Streets 537,Nina Patel,Aarav Roy; Ananya Martin; Ananya Roy,South Korea,April 25 2025,2018,NR,1 Seasons,"International Movies, International TV Shows","A international movies, international tv shows story about mystery and unexpected challenges."
s538,Movie,Final Mission 538,,Emma Lee; Rahul Smith; Vikram Roy,India,March 17 2024,2022,PG,109 min,Kids' TV,A kids' tv story about adventure and unexpected challenges.
s539,Movie,Shadow Hunter 539,Sofia Garcia,Lucas Sharma; Arjun Sen; Vikram Das,Canada,October 17 2018,2004,R,138 min,Documentaries,A documentaries story about ambition and unexpected challenges.
s540,TV Show,Hidden Stories 540,Daniel Martin,Aarav Martin; Riya Sharma; Noah Sharma,Mexico,June 10 2025,2017,NR,5 Seasons,"Romantic Movies, Documentaries","A romantic movies, documentaries story about ambition and unexpected challenges."
s541,TV Show,The Family House 541,David Lee,Ananya Smith; Ananya Martin; Aditi Patel,Canada,June 23 2024,2009,R,7 Seasons,Sports Movies,A sports movies story about friendship and unexpected challenges.
s542,Movie,Summer Rain 542,Unknown,Vikram Singh; Neha Martin; Ananya Gupta,United States,January 13 2018,2008,TV-Y7,101 min,Children & Family Movies,A children & family movies story about mystery and unexpected challenges.
s543,Movie,The Last Journey 543,Emma Carter,Ananya Mehta; Rahul Martin; Olivia Smith,Italy,September 01 2018,2017,,138 min,Sci-Fi & Fantasy,A sci-fi & fantasy story about family and unexpected challenges.
s544,TV Show,The Last Chapter 544,Unknown,Neha Thomas; Liam Brown; Vikram Das,India,April 14 2021,2013,TV-14,5 Seasons,International TV Shows,A international tv shows story about love and unexpected challenges.
s545,Movie,Hidden Truth 545,Anil Sharma,Vikram Lee; Aditya Johnson; Olivia Wilson,Canada,June 13 2021,2006,TV-MA,89 min,"Thrillers, Children & Family Movies","A thrillers, children & family movies story about mystery and unexpected challenges."
s546,TV Show,The Village 546,Michael Brown,Emma Das; Riya Khan; Neha Smith,United Kingdom,February 14 2018,2018,PG,5 Seasons,Horror Movies,A horror movies story about love and unexpected challenges.
s547,Movie,Ocean Mystery 547,Arjun Roy,Lucas Mehta; Olivia Martin; Arjun Brown,France,January 26 2022,2022,R,161 min,Documentaries,A documentaries story about ambition and unexpected challenges.
s548,TV Show,The New Beginning 548,,Lucas Gupta; Neha Singh; Ishita Roy,United Kingdom,October 25 2025,2023,R,7 Seasons,"Children & Family Movies, Sports Movies","A children & family movies, sports movies story about family and unexpected challenges."
s549,TV Show,Beyond Time 549,Daniel Martin,Vikram Lee; Rahul Roy; Noah Singh,United States,September 09 2022,2014,TV-PG,5 Seasons,"Sci-Fi & Fantasy, Romantic Movies","A sci-fi & fantasy, romantic movies story about love and unexpected challenges."
s550,Movie,Hidden Truth 550,,Emma Martin; Olivia Gupta; Meera Patel,United States,July 07 2025,2025,PG-13,109 min,"Stand-Up Comedy, Comedies","A stand-up comedy, comedies story about friendship and unexpected challenges."
s551,Movie,The Last Signal 551,Michael Brown,Noah Thomas; Karan Wilson; Vikram Khan,United States,November 09 2021,2012,PG-13,160 min,Crime TV Shows,A crime tv shows story about family and unexpected challenges.
s552,Movie,Midnight Road 552,Sofia Garcia,Rohan Martin; Aditya Johnson; Liam Roy,United Kingdom,February 08 2021,2003,NR,154 min,Documentaries,A documentaries story about friendship and unexpected challenges.
s553,Movie,Shadow Hunter 553,Michael Brown,Neha Patel; Meera Mehta; Karan Thomas,United States,February 17 2022,2003,NR,101 min,Dramas,A dramas story about adventure and unexpected challenges.
s554,TV Show,Hidden Stories 554,Raj Mehta,Daniel Mehta; Vikram Khan; Aarav Smith,Mexico,June 23 2019,2017,TV-MA,3 Seasons,"Children & Family Movies, Kids' TV","A children & family movies, kids' tv story about friendship and unexpected challenges."
s555,TV Show,The Final Season 555,David Lee,Ishita Johnson; Rahul Thomas; Rahul Sen,Spain,July 07 2019,2019,TV-PG,4 Seasons,International Movies,A international movies story about family and unexpected challenges.
s556,Movie,Midnight Road 556,Raj Mehta,Meera Roy; Riya Khan; Aditya Sharma,Japan,May 05 2019,2001,R,150 min,"Romantic Movies, Dramas","A romantic movies, dramas story about friendship and unexpected challenges."
s557,Movie,A New Beginning 557,Daniel Martin,Olivia Lee; Noah Das; Noah Roy,India,February 20 2022,2003,TV-Y,130 min,Romantic Movies,A romantic movies story about friendship and unexpected challenges.
s558,Movie,Lost Memories 558,Anil Sharma,Ananya Sen; Aditya Thomas; Ananya Das,United States,January 16 2018,2006,TV-14,128 min,Sci-Fi & Fantasy,A sci-fi & fantasy story about love and unexpected challenges.
s559,Movie,Shadow Hunter 559,Unknown,Daniel Khan; Rahul Thomas; Karan Johnson,United States,August 15 2020,2015,NR,79 min,"Action & Adventure, Comedies","A action & adventure, comedies story about adventure and unexpected challenges."
s560,Movie,Summer Rain 560,Ravi Kumar,Aditya Sharma; Daniel Singh; Meera Patel,United States,December 15 2018,2002,NR,76 min,"Comedies, Stand-Up Comedy","A comedies, stand-up comedy story about adventure and unexpected challenges."
s561,TV Show,Code Breakers 561,Unknown,Rohan Martin; Ishita Thomas; Olivia Wilson,France,September 21 2025,2012,R,4 Seasons,Dramas,A dramas story about friendship and unexpected challenges.
s562,TV Show,Young Hearts 562,Emma Carter,Rohan Brown; Rahul Sharma; Meera Roy,United States,October 17 2025,2007,PG,7 Seasons,Dramas,A dramas story about mystery and unexpected challenges.
s563,Movie,Summer Rain 563,David Lee,Priya Martin; Mia Smith; Aarav Smith,Japan,August 24 2018,2012,R,162 min,Children & Family Movies,A children & family movies story about family and unexpected challenges.
s564,Movie,The Last Journey 564,Anil Sharma,Olivia Johnson; Vikram Sen; Ananya Mehta,India,September 23 2020,2013,TV-MA,107 min,"Crime TV Shows, Kids' TV","A crime tv shows, kids' tv story about mystery and unexpected challenges."
s565,Movie,Midnight Road 565,Emma Carter,Rohan Johnson; Kabir Wilson; Kabir Johnson,United Kingdom,July 19 2019,2011,TV-PG,93 min,"Dramas, Crime TV Shows","A dramas, crime tv shows story about friendship and unexpected challenges."
s566,TV Show,Code Breakers 566,Sarah Wilson,Ananya Martin; Aditya Johnson; Daniel Martin,United States,August 18 2024,2007,TV-PG,1 Seasons,Horror Movies,A horror movies story about adventure and unexpected challenges.
s567,TV Show,World of Dreams 567,Anil Sharma,Meera Sen; Sneha Das; Sophia Roy,Japan,March 21 2025,2010,,3 Seasons,"Crime TV Shows, Kids' TV","A crime tv shows, kids' tv story about adventure and unexpected challenges."
s568,TV Show,World of Dreams 568,Michael Brown,Neha Sharma; Daniel Roy; Aditi Lee,India,November 17 2020,2003,TV-14,6 Seasons,Kids' TV,A kids' tv story about love and unexpected challenges.
s569,Movie,Lost Memories 569,Raj Mehta,Rohan Das; Kabir Mehta; Karan Thomas,Japan,June 25 2022,2021,PG,158 min,Horror Movies,A horror movies story about love and unexpected challenges.
s570,Movie,The Last Journey 570,David Lee,Karan Johnson; Emma Thomas; Vikram Sharma,Canada,October 02 2024,2022,PG,114 min,Dramas,A dramas story about family and unexpected challenges.
s571,Movie,The Last Journey 571,Unknown,Rahul Khan; Priya Thomas; Ishita Sen,Germany,July 02 2023,2022,PG-13,113 min,"Romantic Movies, Thrillers","A romantic movies, thrillers story about friendship and unexpected challenges."
s572,TV Show,Beyond Time 572,,Kabir Sen; Aarav Singh; Priya Gupta,Australia,February 03 2020,2004,TV-Y,3 Seasons,International Movies,A international movies story about love and unexpected challenges.
s573,Movie,The Great Escape 573,Priya Das,Ishita Singh; Mia Martin; Emma Wilson,United States,October 17 2023,2007,G,91 min,International Movies,A international movies story about ambition and unexpected challenges.
s574,Movie,The Silent City 574,David Lee,Arjun Roy; Noah Patel; Rahul Smith,India,October 21 2021,2016,TV-14,134 min,"Sci-Fi & Fantasy, Crime TV Shows","A sci-fi & fantasy, crime tv shows story about adventure and unexpected challenges."
s575,TV Show,Life in Mumbai 575,Michael Brown,Rohan Gupta; Emma Mehta; Neha Wilson,South Korea,November 20 2023,2009,PG,3 Seasons,"Crime TV Shows, Kids' TV","A crime tv shows, kids' tv story about ambition and unexpected challenges."
s576,Movie,Midnight Road 576,,Aditi Wilson; Aarav Khan; Priya Khan,United States,January 02 2022,2009,TV-PG,83 min,Children & Family Movies,A children & family movies story about family and unexpected challenges.
s577,TV Show,Code Breakers 577,Priya Das,Noah Brown; Rohan Lee; Rohan Gupta,Canada,February 07 2021,2008,TV-14,6 Seasons,"Kids' TV, Sports Movies","A kids' tv, sports movies story about friendship and unexpected challenges."
s578,Movie,Final Mission 578,David Lee,Mia Thomas; Vikram Johnson; Aditya Sen,United States,January 08 2024,2022,R,159 min,"Comedies, International Movies","A comedies, international movies story about mystery and unexpected challenges."
s579,Movie,Broken Dreams 579,Michael Brown,Sophia Sharma; Aditya Sen; Ananya Martin,Mexico,May 13 2024,2004,NR,82 min,"Thrillers, International Movies","A thrillers, international movies story about love and unexpected challenges."
s580,Movie,The Last Signal 580,Michael Brown,Arjun Patel; Lucas Wilson; Vikram Johnson,India,October 01 2019,2017,TV-Y,112 min,"Stand-Up Comedy, Horror Movies","A stand-up comedy, horror movies story about ambition and unexpected challenges."
s581,Movie,The Secret Island 581,Unknown,Ananya Das; Sophia Smith; Kabir Sen,Canada,January 02 2023,2013,TV-Y7,110 min,"Comedies, Stand-Up Comedy","A comedies, stand-up comedy story about love and unexpected challenges."
s582,TV Show,Dark Streets 582,David Lee,Aarav Thomas; Sophia Martin; Sophia Martin,Australia,September 12 2025,2022,TV-MA,5 Seasons,Documentaries,A documentaries story about friendship and unexpected challenges.
s583,Movie,The Silent City 583,Unknown,Kabir Gupta; Mia Martin; Aarav Brown,Canada,July 16 2025,2010,TV-PG,76 min,International TV Shows,A international tv shows story about friendship and unexpected challenges.
s584,Movie,Broken Dreams 584,Sarah Wilson,Mia Johnson; Karan Sharma; Emma Patel,United States,August 27 2023,2023,PG,118 min,"Children & Family Movies, Dramas","A children & family movies, dramas story about love and unexpected challenges."
s585,Movie,Broken Dreams 585,Raj Mehta,Karan Roy; Sneha Lee; Noah Roy,United States,August 04 2025,2022,TV-PG,161 min,"Crime TV Shows, Sports Movies","A crime tv shows, sports movies story about friendship and unexpected challenges."
s586,TV Show,The Last Chapter 586,Unknown,Mia Das; Liam Patel; Aarav Sharma,Spain,January 27 2025,2017,PG-13,1 Seasons,"Romantic Movies, Documentaries","A romantic movies, documentaries story about friendship and unexpected challenges."
s587,Movie,Final Mission 587,Sofia Garcia,Kabir Smith; Olivia Sen; Olivia Lee,United States,August 01 2019,2014,TV-Y,179 min,Thrillers,A thrillers story about family and unexpected challenges.
s588,Movie,The Last Signal 588,Michael Brown,Neha Smith; Karan Gupta; Aditi Wilson,India,December 04 2018,2000,R,122 min,"Thrillers, Comedies","A thrillers, comedies story about friendship and unexpected challenges."
s589,Movie,The Last Journey 589,John Smith,Aarav Khan; Emma Roy; Ananya Lee,United States,May 19 2019,2018,G,143 min,"Children & Family Movies, Sci-Fi & Fantasy","A children & family movies, sci-fi & fantasy story about mystery and unexpected challenges."
s590,TV Show,The Village 590,Unknown,Mia Mehta; Priya Sharma; Neha Das,United Kingdom,November 24 2023,2022,TV-Y7,7 Seasons,"Dramas, Action & Adventure","A dramas, action & adventure story about mystery and unexpected challenges."
s591,Movie,The Great Escape 591,,Aarav Lee; Ishita Das; Liam Wilson,India,June 22 2021,2001,TV-14,170 min,Horror Movies,A horror movies story about adventure and unexpected challenges.
s592,TV Show,Dark Streets 592,Nina Patel,Emma Smith; Lucas Gupta; Ananya Sharma,United States,August 15 2023,2014,TV-14,7 Seasons,"Crime TV Shows, Thrillers","A crime tv shows, thrillers story about love and unexpected challenges."
s593,Movie,Summer Rain 593,David Lee,Sophia Wilson; Liam Singh; Emma Smith,Japan,December 15 2025,2020,G,150 min,"Romantic Movies, International Movies","A romantic movies, international movies story about love and unexpected challenges."
s594,Movie,The Silent City 594,Raj Mehta,Noah Brown; Liam Singh; Aarav Gupta,India,November 05 2020,2013,R,169 min,International TV Shows,A international tv shows story about adventure and unexpected challenges.
s595,Movie,The Silent City 595,Emma Carter,Aditya Lee; Olivia Singh; Aditya Brown,Japan,June 26 2024,2021,PG-13,87 min,Horror Movies,A horror movies story about friendship and unexpected challenges.
s596,Movie,A New Beginning 596,Emma Carter,Kabir Khan; Lucas Roy; Priya Mehta,India,March 14 2020,2000,R,104 min,"Comedies, International Movies","A comedies, international movies story about love and unexpected challenges."
s597,Movie,Broken Dreams 597,Anil Sharma,Rahul Thomas; Vikram Lee; Olivia Gupta,United States,August 03 2025,2004,TV-Y7,87 min,Documentaries,A documentaries story about love and unexpected challenges.
s598,Movie,Midnight Road 598,Anil Sharma,Vikram Wilson; Lucas Sharma; Daniel Sharma,Mexico,November 11 2024,2021,TV-PG,162 min,"Sci-Fi & Fantasy, Comedies","A sci-fi & fantasy, comedies story about adventure and unexpected challenges."
s599,Movie,The Great Escape 599,Unknown,Arjun Singh; Neha Singh; Sophia Lee,India,September 05 2022,2000,PG,157 min,"Horror Movies, Action & Adventure","A horror movies, action & adventure story about friendship and unexpected challenges."
s600,Movie,The Secret Island 600,Raj Mehta,Aditya Lee; Noah Wilson; Emma Roy,United States,December 25 2019,2007,G,127 min,Romantic Movies,A romantic movies story about ambition and unexpected challenges.
s601,Movie,The Secret Island 601,Unknown,Neha Wilson; Daniel Lee; Noah Roy,United States,May 04 2018,2005,TV-14,86 min,Sports Movies,A sports movies story about love and unexpected challenges.
s602,Movie,Summer Rain 602,Sarah Wilson,Ishita Patel; Sophia Sen; Neha Gupta,United Kingdom,April 09 2019,2008,R,146 min,"International Movies, Sports Movies","A international movies, sports movies story about friendship and unexpected challenges."
s603,Movie,A New Beginning 603,Priya Das,Meera Thomas; Priya Lee; Meera Brown,Japan,January 27 2023,2009,TV-PG,103 min,Romantic Movies,A romantic movies story about friendship and unexpected challenges.
s604,Movie,Broken Dreams 604,Michael Brown,Kabir Wilson; Arjun Brown; Liam Roy,Australia,March 02 2021,2001,TV-Y7,159 min,Action & Adventure,A action & adventure story about ambition and unexpected challenges.
s605,Movie,The Last Signal 605,Raj Mehta,Karan Sharma; Olivia Patel; Liam Das,Japan,April 14 2022,2016,NR,103 min,"Sports Movies, Horror Movies","A sports movies, horror movies story about family and unexpected challenges."
s606,Movie,A New Beginning 606,Daniel Martin,Arjun Mehta; Sophia Gupta; Sophia Khan,United States,October 05 2023,2017,G,159 min,"Sports Movies, Horror Movies","A sports movies, horror movies story about love and unexpected challenges."
s607,TV Show,The New Beginning 607,Michael Brown,Daniel Gupta; Noah Gupta; Rahul Brown,India,January 13 2023,2018,G,4 Seasons,Kids' TV,A kids' tv story about love and unexpected challenges.
s608,Movie,Final Mission 608,Ravi Kumar,Liam Lee; Ananya Sharma; Rahul Patel,United States,April 17 2023,2004,PG,84 min,"Documentaries, Horror Movies","A documentaries, horror movies story about adventure and unexpected challenges."
s609,Movie,Beyond the Horizon 609,Ravi Kumar,Ishita Singh; Arjun Sen; Arjun Martin,India,December 10 2022,2018,TV-MA,89 min,Sci-Fi & Fantasy,A sci-fi & fantasy story about love and unexpected challenges.
s610,Movie,Shadow Hunter 610,Anil Sharma,Kabir Lee; Priya Lee; Priya Lee,United States,February 22 2024,2016,TV-Y7,135 min,Comedies,A comedies story about love and unexpected challenges.
s611,TV Show,The Final Season 611,Emma Carter,Aarav Johnson; Ishita Khan; Noah Sharma,Mexico,February 18 2024,2016,R,2 Seasons,"Romantic Movies, International Movies","A romantic movies, international movies story about friendship and unexpected challenges."
s612,Movie,Shadow Hunter 612,Unknown,Emma Singh; Emma Sharma; Arjun Lee,India,July 14 2024,2020,NR,83 min,"Horror Movies, Action & Adventure","A horror movies, action & adventure story about friendship and unexpected challenges."
s613,TV Show,Young Hearts 613,John Smith,Lucas Khan; Priya Gupta; Karan Mehta,Spain,May 02 2025,2021,G,4 Seasons,"Children & Family Movies, Documentaries","A children & family movies, documentaries story about adventure and unexpected challenges."
s614,TV Show,The Investigation 614,Ravi Kumar,Ishita Johnson; Sneha Mehta; Priya Sen,Japan,September 06 2018,2011,TV-Y,3 Seasons,Sports Movies,A sports movies story about friendship and unexpected challenges.
s615,Movie,The Last Journey 615,Unknown,Olivia Gupta; Vikram Lee; Riya Das,United States,April 14 2019,2004,TV-14,161 min,"Horror Movies, Comedies","A horror movies, comedies story about ambition and unexpected challenges."
s616,Movie,The Silent City 616,Raj Mehta,Arjun Sharma; Aditi Patel; Olivia Brown,United States,September 15 2023,2007,PG,97 min,"Children & Family Movies, Sports Movies","A children & family movies, sports movies story about love and unexpected challenges."
s617,TV Show,Life in Mumbai 617,Unknown,Vikram Brown; Riya Roy; Arjun Singh,France,October 22 2024,2023,TV-PG,3 Seasons,Sports Movies,A sports movies story about adventure and unexpected challenges.
s618,TV Show,Beyond Time 618,Sofia Garcia,Emma Khan; Rohan Martin; Olivia Roy,United States,October 02 2019,2011,G,1 Seasons,Horror Movies,A horror movies story about friendship and unexpected challenges.
s619,Movie,The Last Journey 619,Emma Carter,Kabir Singh; Vikram Thomas; Sneha Wilson,India,September 18 2024,2000,PG,116 min,"Dramas, Children & Family Movies","A dramas, children & family movies story about love and unexpected challenges."
s620,TV Show,The Final Season 620,Priya Das,Aditya Singh; Mia Thomas; Vikram Johnson,United States,June 11 2024,2014,TV-Y7,5 Seasons,Stand-Up Comedy,A stand-up comedy story about adventure and unexpected challenges.
s621,Movie,Broken Dreams 621,Sarah Wilson,Karan Martin; Riya Mehta; Meera Patel,United States,July 14 2021,2021,R,151 min,Dramas,A dramas story about adventure and unexpected challenges.
s622,Movie,The Last Signal 622,David Lee,Neha Sharma; Priya Patel; Lucas Brown,Australia,October 03 2018,2016,TV-Y7,139 min,"Kids' TV, Dramas","A kids' tv, dramas story about family and unexpected challenges."
s623,Movie,Midnight Road 623,Sarah Wilson,Emma Wilson; Liam Sen; Liam Das,Japan,August 02 2025,2025,TV-14,143 min,Stand-Up Comedy,A stand-up comedy story about friendship and unexpected challenges.
s624,Movie,Lost Memories 624,Nina Patel,Mia Lee; Arjun Singh; Ishita Das,India,June 18 2019,2005,NR,80 min,"Kids' TV, Stand-Up Comedy","A kids' tv, stand-up comedy story about friendship and unexpected challenges."
s625,TV Show,The New Beginning 625,Emma Carter,Aditya Roy; Liam Khan; Aditya Patel,South Korea,August 22 2025,2024,PG-13,3 Seasons,Action & Adventure,A action & adventure story about ambition and unexpected challenges.
s626,Movie,Shadow Hunter 626,Unknown,Karan Martin; Kabir Khan; Vikram Gupta,United States,June 01 2022,2011,TV-Y,90 min,"Romantic Movies, Thrillers","A romantic movies, thrillers story about friendship and unexpected challenges."
s627,Movie,Hidden Truth 627,Ravi Kumar,Kabir Brown; Meera Mehta; Olivia Johnson,United States,December 10 2018,2008,PG,108 min,Sci-Fi & Fantasy,A sci-fi & fantasy story about love and unexpected challenges.
s628,Movie,Final Mission 628,Daniel Martin,Ishita Roy; Liam Singh; Priya Das,India,September 27 2023,2001,NR,108 min,"Stand-Up Comedy, Children & Family Movies","A stand-up comedy, children & family movies story about ambition and unexpected challenges."
s629,Movie,The Last Journey 629,Michael Brown,Rohan Singh; Sneha Wilson; Liam Thomas,India,June 12 2023,2017,G,176 min,"Sci-Fi & Fantasy, Children & Family Movies","A sci-fi & fantasy, children & family movies story about mystery and unexpected challenges."
s630,Movie,Summer Rain 630,Unknown,Emma Wilson; Vikram Lee; Mia Lee,South Korea,October 18 2024,2022,R,87 min,"Action & Adventure, Children & Family Movies","A action & adventure, children & family movies story about love and unexpected challenges."
s631,TV Show,The New Beginning 631,Emma Carter,Sneha Patel; Liam Johnson; Meera Johnson,Japan,July 23 2018,2007,TV-Y7,2 Seasons,Sci-Fi & Fantasy,A sci-fi & fantasy story about mystery and unexpected challenges.
s632,TV Show,Life in Mumbai 632,Anil Sharma,Noah Thomas; Noah Singh; Aarav Martin,United States,September 23 2019,2018,TV-Y,5 Seasons,"Romantic Movies, Stand-Up Comedy","A romantic movies, stand-up comedy story about friendship and unexpected challenges."
s633,TV Show,World of Dreams 633,Sarah Wilson,Rohan Patel; Sneha Johnson; Daniel Sharma,India,August 16 2025,2025,TV-Y,2 Seasons,"Children & Family Movies, Sci-Fi & Fantasy","A children & family movies, sci-fi & fantasy story about family and unexpected challenges."
s634,Movie,Ocean Mystery 634,Nina Patel,Aditi Mehta; Noah Singh; Daniel Lee,United States,July 18 2023,2019,TV-Y7,149 min,"Thrillers, Action & Adventure","A thrillers, action & adventure story about mystery and unexpected challenges."
s635,Movie,Ocean Mystery 635,Raj Mehta,,Spain,November 05 2023,2001,TV-MA,138 min,"Stand-Up Comedy, Sci-Fi & Fantasy","A stand-up comedy, sci-fi & fantasy story about ambition and unexpected challenges."
s636,Movie,Shadow Hunter 636,Raj Mehta,Lucas Smith; Neha Sharma; Emma Wilson,United States,December 04 2021,2009,R,139 min,"Kids' TV, Horror Movies","A kids' tv, horror movies story about family and unexpected challenges."
s637,Movie,The Silent City 637,Priya Das,Noah Khan; Rahul Johnson; Vikram Patel,India,May 02 2021,2012,R,133 min,Romantic Movies,A romantic movies story about ambition and unexpected challenges.
s638,Movie,The Secret Island 638,David Lee,Emma Gupta; Vikram Mehta; Arjun Roy,South Korea,August 24 2025,2024,G,159 min,"Crime TV Shows, Stand-Up Comedy","A crime tv shows, stand-up comedy story about mystery and unexpected challenges."
s639,Movie,The Last Signal 639,Daniel Martin,Karan Wilson; Daniel Roy; Aditi Sen,Germany,December 14 2025,2024,TV-Y,177 min,"Horror Movies, Stand-Up Comedy","A horror movies, stand-up comedy story about love and unexpected challenges."
s640,TV Show,Future World 640,Sarah Wilson,Meera Patel; Sophia Thomas; Lucas Smith,Germany,September 21 2019,2004,G,1 Seasons,"Sports Movies, Sci-Fi & Fantasy","A sports movies, sci-fi & fantasy story about friendship and unexpected challenges."
s641,Movie,Ocean Mystery 641,Emma Carter,Sophia Brown; Ishita Gupta; Emma Singh,Australia,May 23 2021,2012,TV-Y,169 min,Kids' TV,A kids' tv story about love and unexpected challenges.
s642,TV Show,Hidden Stories 642,Raj Mehta,Lucas Sen; Aditya Smith; Ananya Smith,India,July 05 2022,2009,TV-MA,2 Seasons,Horror Movies,A horror movies story about friendship and unexpected challenges.
s643,Movie,The Silent City 643,Anil Sharma,Aarav Patel; Meera Patel; Aditi Wilson,United States,June 09 2018,2017,G,175 min,"Crime TV Shows, Kids' TV","A crime tv shows, kids' tv story about family and unexpected challenges."
s644,Movie,Final Mission 644,Michael Brown,Priya Khan; Ishita Johnson; Riya Patel,Canada,July 27 2020,2018,TV-Y7,141 min,"Action & Adventure, Documentaries","A action & adventure, documentaries story about family and unexpected challenges."
s645,Movie,A New Beginning 645,Sarah Wilson,Ishita Patel; Ishita Martin; Liam Sharma,India,March 04 2023,2021,NR,125 min,Comedies,A comedies story about ambition and unexpected challenges.
s646,Movie,The Great Escape 646,Unknown,Mia Mehta; Lucas Khan; Emma Das,Brazil,April 08 2018,2011,TV-MA,95 min,"Kids' TV, Documentaries","A kids' tv, documentaries story about ambition and unexpected challenges."
s647,Movie,Beyond the Horizon 647,Anil Sharma,Riya Lee; Mia Singh; Olivia Mehta,South Korea,October 05 2020,2009,PG,122 min,Children & Family Movies,A children & family movies story about family and unexpected challenges.
s648,Movie,Final Mission 648,David Lee,Riya Brown; Kabir Brown; Daniel Gupta,Canada,October 10 2019,2013,TV-14,100 min,Kids' TV,A kids' tv story about friendship and unexpected challenges.
s649,Movie,The Secret Island 649,Raj Mehta,Lucas Johnson; Aditi Khan; Daniel Thomas,United States,May 18 2019,2006,G,162 min,Stand-Up Comedy,A stand-up comedy story about adventure and unexpected challenges.
s650,Movie,Shadow Hunter 650,Daniel Martin,Kabir Gupta; Liam Wilson; Aditi Lee,Spain,August 16 2021,2021,R,104 min,Sci-Fi & Fantasy,A sci-fi & fantasy story about mystery and unexpected challenges.
s651,Movie,Midnight Road 651,John Smith,Rahul Thomas; Meera Martin; Meera Martin,United States,March 03 2024,2024,TV-MA,116 min,Horror Movies,A horror movies story about friendship and unexpected challenges.
s652,Movie,Shadow Hunter 652,Nina Patel,Mia Sen; Kabir Roy; Aditi Thomas,Japan,November 18 2018,2005,NR,169 min,"Sports Movies, Romantic Movies","A sports movies, romantic movies story about friendship and unexpected challenges."
s653,Movie,The Silent City 653,John Smith,Rahul Sen; Rohan Mehta; Aditya Sharma,France,December 01 2020,2009,TV-14,151 min,Stand-Up Comedy,A stand-up comedy story about family and unexpected challenges.
s654,TV Show,The Final Season 654,Anil Sharma,Aarav Das; Daniel Johnson; Ishita Smith,Canada,December 13 2024,2001,TV-14,4 Seasons,"Crime TV Shows, Children & Family Movies","A crime tv shows, children & family movies story about mystery and unexpected challenges."
s655,Movie,A New Beginning 655,John Smith,Sneha Thomas; Arjun Roy; Riya Patel,United States,June 26 2024,2015,R,84 min,Dramas,A dramas story about ambition and unexpected challenges.
s656,TV Show,Dark Streets 656,Nina Patel,Daniel Martin; Daniel Sharma; Neha Brown,Australia,March 24 2025,2024,TV-Y,3 Seasons,"Thrillers, Sci-Fi & Fantasy","A thrillers, sci-fi & fantasy story about mystery and unexpected challenges."
s657,Movie,Broken Dreams 657,Priya Das,Liam Khan; Vikram Sharma; Olivia Sharma,United States,April 27 2023,2001,TV-PG,117 min,Dramas,A dramas story about love and unexpected challenges.
s658,Movie,Final Mission 658,Michael Brown,Aarav Gupta; Priya Lee; Kabir Mehta,United States,October 11 2020,2000,TV-Y7,160 min,Horror Movies,A horror movies story about adventure and unexpected challenges.
s659,TV Show,Young Hearts 659,Michael Brown,Riya Singh; Aditi Thomas; Aarav Patel,Canada,February 15 2019,2015,TV-Y,4 Seasons,International Movies,A international movies story about love and unexpected challenges.
s660,Movie,Lost Memories 660,Raj Mehta,Daniel Patel; Vikram Das; Priya Singh,India,May 16 2024,2020,PG,85 min,"Crime TV Shows, Children & Family Movies","A crime tv shows, children & family movies story about friendship and unexpected challenges."
s661,TV Show,Dark Streets 661,Unknown,Sneha Khan; Ananya Thomas; Emma Mehta,United States,January 13 2020,2001,PG-13,2 Seasons,"Stand-Up Comedy, Documentaries","A stand-up comedy, documentaries story about mystery and unexpected challenges."
s662,Movie,Summer Rain 662,Raj Mehta,Noah Smith; Noah Smith; Neha Wilson,United States,September 26 2021,2000,TV-Y7,126 min,"Crime TV Shows, Sports Movies","A crime tv shows, sports movies story about adventure and unexpected challenges."
s663,TV Show,Hidden Stories 663,Sarah Wilson,Sophia Lee; Aarav Mehta; Kabir Martin,United States,August 21 2020,2009,TV-Y7,7 Seasons,"Thrillers, Horror Movies","A thrillers, horror movies story about adventure and unexpected challenges."
s664,Movie,Hidden Truth 664,Priya Das,Rahul Roy; Neha Wilson; Ishita Thomas,United States,February 23 2020,2002,TV-Y7,171 min,"Kids' TV, International Movies","A kids' tv, international movies story about friendship and unexpected challenges."
s665,Movie,Lost Memories 665,,Rohan Lee; Mia Johnson; Aditi Martin,United Kingdom,March 19 2022,2004,PG,102 min,"Thrillers, Sports Movies","A thrillers, sports movies story about family and unexpected challenges."
s666,TV Show,Future World 666,Unknown,Meera Johnson; Aditi Das; Aarav Smith,India,September 22 2025,2025,TV-Y,6 Seasons,Comedies,A comedies story about family and unexpected challenges.
s667,Movie,Beyond the Horizon 667,Arjun Roy,Karan Das; Daniel Wilson; Emma Brown,France,March 20 2021,2017,G,114 min,Sci-Fi & Fantasy,A sci-fi & fantasy story about friendship and unexpected challenges.
s668,TV Show,Life in Mumbai 668,Ravi Kumar,Arjun Singh; Lucas Roy; Olivia Martin,United States,March 26 2025,2023,NR,4 Seasons,"Crime TV Shows, Children & Family Movies","A crime tv shows, children & family movies story about adventure and unexpected challenges."
s669,TV Show,World of Dreams 669,Nina Patel,Aditi Martin; Aditya Thomas; Aditi Singh,United States,April 06 2020,2009,G,5 Seasons,"Crime TV Shows, Horror Movies","A crime tv shows, horror movies story about ambition and unexpected challenges."
s670,Movie,A New Beginning 670,Unknown,,Canada,July 04 2021,2014,TV-Y7,177 min,"Sci-Fi & Fantasy, Action & Adventure","A sci-fi & fantasy, action & adventure story about mystery and unexpected challenges."
s671,Movie,Summer Rain 671,Raj Mehta,Sophia Wilson; Ananya Patel; Priya Singh,Japan,May 27 2025,2025,TV-Y,149 min,"International Movies, Stand-Up Comedy","A international movies, stand-up comedy story about adventure and unexpected challenges."
s672,Movie,The Great Escape 672,Unknown,Lucas Roy; Neha Lee; Lucas Sharma,United States,February 19 2023,2023,TV-MA,92 min,Sci-Fi & Fantasy,A sci-fi & fantasy story about love and unexpected challenges.
s673,TV Show,Young Hearts 673,Unknown,Aditya Smith; Noah Wilson; Rohan Smith,Brazil,August 06 2020,2003,TV-Y,6 Seasons,"Comedies, Crime TV Shows","A comedies, crime tv shows story about family and unexpected challenges."
s674,Movie,Midnight Road 674,Sofia Garcia,Arjun Khan; Arjun Sen; Aarav Singh,South Korea,August 15 2022,2013,TV-MA,86 min,"Sci-Fi & Fantasy, Sports Movies","A sci-fi & fantasy, sports movies story about adventure and unexpected challenges."
s675,TV Show,The Last Chapter 675,Anil Sharma,Meera Patel; Lucas Singh; Kabir Mehta,United Kingdom,March 14 2024,2016,G,1 Seasons,Horror Movies,A horror movies story about friendship and unexpected challenges.
s676,Movie,The Great Escape 676,Unknown,Ananya Johnson; Sneha Gupta; Aditya Brown,France,June 09 2021,2014,TV-PG,146 min,Thrillers,A thrillers story about adventure and unexpected challenges.
s677,TV Show,World of Dreams 677,Michael Brown,Priya Sen; Neha Roy; Mia Mehta,United States,November 26 2024,2007,R,1 Seasons,"Documentaries, International TV Shows","A documentaries, international tv shows story about adventure and unexpected challenges."
s678,Movie,The Last Journey 678,Nina Patel,Meera Khan; Karan Thomas; Kabir Wilson,United States,April 19 2021,2016,G,75 min,Crime TV Shows,A crime tv shows story about love and unexpected challenges.
s679,Movie,The Last Journey 679,Raj Mehta,Daniel Roy; Noah Khan; Lucas Gupta,United States,February 15 2025,2017,TV-Y7,117 min,"Stand-Up Comedy, International Movies","A stand-up comedy, international movies story about adventure and unexpected challenges."
s680,TV Show,World of Dreams 680,David Lee,Olivia Martin; Noah Roy; Ananya Brown,Italy,August 24 2025,2016,PG,7 Seasons,Stand-Up Comedy,A stand-up comedy story about friendship and unexpected challenges.
s681,TV Show,Life in Mumbai 681,Unknown,Lucas Wilson; Aarav Singh; Mia Johnson,United States,April 16 2021,2001,TV-14,7 Seasons,Horror Movies,A horror movies story about love and unexpected challenges.
s682,TV Show,The Investigation 682,Ravi Kumar,Ananya Johnson; Sophia Lee; Lucas Thomas,South Korea,May 11 2025,2020,TV-Y7,5 Seasons,Stand-Up Comedy,A stand-up comedy story about friendship and unexpected challenges.
s683,TV Show,The Final Season 683,Unknown,Vikram Sharma; Vikram Patel; Sophia Wilson,United States,December 07 2024,2015,R,1 Seasons,Sports Movies,A sports movies story about ambition and unexpected challenges.
s684,Movie,A New Beginning 684,Raj Mehta,Emma Wilson; Rohan Sen; Meera Thomas,India,April 23 2018,2011,PG-13,154 min,International Movies,A international movies story about friendship and unexpected challenges.
s685,Movie,The Silent City 685,Sarah Wilson,Ishita Sen; Lucas Gupta; Ishita Wilson,United States,June 07 2019,2015,G,152 min,"Dramas, Children & Family Movies","A dramas, children & family movies story about ambition and unexpected challenges."
s686,Movie,Beyond the Horizon 686,Priya Das,Riya Johnson; Sneha Wilson; Rohan Patel,Australia,January 06 2022,2016,G,121 min,International TV Shows,A international tv shows story about mystery and unexpected challenges.
s687,TV Show,The Family House 687,Arjun Roy,Karan Das; Kabir Martin; Sophia Martin,Spain,October 06 2025,2002,NR,3 Seasons,"Children & Family Movies, Thrillers","A children & family movies, thrillers story about mystery and unexpected challenges."
s688,TV Show,The Final Season 688,Sarah Wilson,Sneha Das; Meera Sen; Riya Gupta,United States,September 05 2020,2018,PG-13,1 Seasons,"Thrillers, Kids' TV","A thrillers, kids' tv story about love and unexpected challenges."
s689,TV Show,The Last Chapter 689,Unknown,Kabir Gupta; Vikram Martin; Emma Singh,India,January 11 2021,2017,TV-PG,5 Seasons,"Comedies, Children & Family Movies","A comedies, children & family movies story about adventure and unexpected challenges."
s690,TV Show,The Investigation 690,Daniel Martin,Noah Brown; Daniel Thomas; Meera Lee,France,January 02 2022,2010,TV-Y,5 Seasons,"Dramas, International TV Shows","A dramas, international tv shows story about love and unexpected challenges."
s691,Movie,The Last Journey 691,Unknown,Vikram Lee; Ishita Johnson; Neha Roy,India,June 24 2024,2015,TV-Y,98 min,Children & Family Movies,A children & family movies story about adventure and unexpected challenges.
s692,TV Show,The Village 692,Arjun Roy,Sophia Lee; Sneha Lee; Aarav Mehta,United States,June 14 2022,2017,G,2 Seasons,Documentaries,A documentaries story about adventure and unexpected challenges.
s693,Movie,The Last Signal 693,Arjun Roy,Emma Khan; Noah Sharma; Mia Martin,United States,September 16 2021,2000,TV-Y,169 min,Documentaries,A documentaries story about love and unexpected challenges.
s694,TV Show,The Village 694,Sofia Garcia,Arjun Sen; Aditya Sen; Lucas Mehta,India,September 25 2023,2007,TV-Y7,5 Seasons,Sci-Fi & Fantasy,A sci-fi & fantasy story about mystery and unexpected challenges.
s695,TV Show,The New Beginning 695,David Lee,Sophia Johnson; Sophia Wilson; Noah Das,United Kingdom,May 16 2025,2012,TV-Y,6 Seasons,"Sports Movies, Crime TV Shows","A sports movies, crime tv shows story about ambition and unexpected challenges."
s696,Movie,A New Beginning 696,Sarah Wilson,Ananya Gupta; Lucas Lee; Aditi Roy,Spain,January 15 2022,2003,NR,154 min,Stand-Up Comedy,A stand-up comedy story about friendship and unexpected challenges.
s697,TV Show,Dark Streets 697,Michael Brown,Sophia Sen; Ananya Khan; Mia Roy,Australia,July 12 2020,2013,TV-PG,7 Seasons,Horror Movies,A horror movies story about ambition and unexpected challenges.
s698,Movie,The Last Journey 698,John Smith,Olivia Sharma; Kabir Johnson; Ishita Patel,Australia,November 08 2022,2010,NR,108 min,"International Movies, Action & Adventure","A international movies, action & adventure story about mystery and unexpected challenges."
s699,TV Show,The Final Season 699,John Smith,Aditi Patel; Emma Das; Aditi Thomas,Australia,September 07 2019,2008,G,6 Seasons,Sports Movies,A sports movies story about mystery and unexpected challenges.
s700,TV Show,Hidden Stories 700,Anil Sharma,,Spain,June 16 2021,2014,NR,1 Seasons,International TV Shows,A international tv shows story about friendship and unexpected challenges.
s701,Movie,Lost Memories 701,Emma Carter,Vikram Johnson; Rohan Sen; Meera Smith,South Korea,January 27 2024,2001,R,78 min,Children & Family Movies,A children & family movies story about friendship and unexpected challenges.
s702,Movie,A New Beginning 702,Unknown,Vikram Mehta; Olivia Brown; Kabir Brown,Germany,July 16 2018,2010,G,132 min,International Movies,A international movies story about mystery and unexpected challenges.
s703,Movie,Final Mission 703,Michael Brown,Meera Khan; Lucas Brown; Aditi Sen,Canada,December 08 2021,2006,TV-14,102 min,"Horror Movies, Action & Adventure","A horror movies, action & adventure story about family and unexpected challenges."
s704,TV Show,City Lights 704,Priya Das,Noah Brown; Rohan Lee; Ananya Mehta,Japan,October 03 2024,2010,TV-14,3 Seasons,"International TV Shows, Crime TV Shows","A international tv shows, crime tv shows story about love and unexpected challenges."
s705,TV Show,The New Beginning 705,David Lee,Sneha Gupta; Lucas Gupta; Rahul Sharma,United States,December 17 2018,2006,TV-PG,6 Seasons,Horror Movies,A horror movies story about friendship and unexpected challenges.
s706,Movie,A New Beginning 706,Unknown,Sneha Patel; Olivia Singh; Neha Martin,South Korea,September 25 2025,2000,PG-13,78 min,"Stand-Up Comedy, Comedies","A stand-up comedy, comedies story about love and unexpected challenges."
s707,Movie,Shadow Hunter 707,Emma Carter,Emma Mehta; Mia Gupta; Ishita Sen,United States,January 11 2024,2021,G,114 min,"Children & Family Movies, International TV Shows","A children & family movies, international tv shows story about adventure and unexpected challenges."
s708,Movie,The Silent City 708,Nina Patel,Olivia Mehta; Aditya Sen; Mia Gupta,Mexico,August 23 2024,2004,R,95 min,International Movies,A international movies story about ambition and unexpected challenges.
s709,TV Show,Life in Mumbai 709,Arjun Roy,Lucas Thomas; Ananya Patel; Liam Lee,Australia,June 20 2024,2015,TV-MA,1 Seasons,Dramas,A dramas story about ambition and unexpected challenges.
s710,Movie,Ocean Mystery 710,John Smith,Mia Wilson; Karan Patel; Sneha Smith,United States,March 05 2024,2005,TV-MA,117 min,"Action & Adventure, Thrillers","A action & adventure, thrillers story about ambition and unexpected challenges."
s711,Movie,The Silent City 711,Emma Carter,Kabir Singh; Aarav Lee; Ishita Smith,France,July 08 2025,2004,TV-MA,163 min,International TV Shows,A international tv shows story about friendship and unexpected challenges.
s712,Movie,Shadow Hunter 712,Unknown,Riya Mehta; Ananya Singh; Kabir Brown,United States,March 22 2020,2002,TV-Y,139 min,Comedies,A comedies story about love and unexpected challenges.
s713,Movie,The Last Journey 713,Nina Patel,Karan Wilson; Aarav Roy; Emma Roy,United States,October 04 2018,2007,NR,143 min,Comedies,A comedies story about family and unexpected challenges.
s714,Movie,Ocean Mystery 714,Michael Brown,Arjun Sharma; Neha Mehta; Arjun Gupta,Japan,February 01 2024,2024,G,94 min,Dramas,A dramas story about love and unexpected challenges.
s715,TV Show,The New Beginning 715,Priya Das,Aarav Gupta; Lucas Brown; Mia Das,United States,October 13 2025,2017,TV-MA,2 Seasons,Sci-Fi & Fantasy,A sci-fi & fantasy story about friendship and unexpected challenges.
s716,Movie,The Great Escape 716,Priya Das,Sneha Wilson; Olivia Thomas; Olivia Martin,United States,June 03 2021,2015,TV-14,178 min,"Kids' TV, Comedies","A kids' tv, comedies story about ambition and unexpected challenges."
s717,Movie,Lost Memories 717,Priya Das,Arjun Johnson; Liam Mehta; Arjun Mehta,United States,January 06 2025,2022,PG,108 min,Sports Movies,A sports movies story about adventure and unexpected challenges.
s718,Movie,Summer Rain 718,Sarah Wilson,Daniel Singh; Aditi Johnson; Arjun Brown,Germany,July 01 2025,2007,TV-Y7,120 min,"Crime TV Shows, Dramas","A crime tv shows, dramas story about adventure and unexpected challenges."
s719,Movie,Summer Rain 719,Priya Das,Sneha Wilson; Daniel Das; Ishita Gupta,United States,May 06 2025,2025,TV-Y,153 min,"International Movies, Stand-Up Comedy","A international movies, stand-up comedy story about ambition and unexpected challenges."
s720,Movie,The Secret Island 720,David Lee,Aditya Roy; Arjun Mehta; Lucas Mehta,India,September 06 2019,2018,TV-PG,169 min,"Comedies, Thrillers","A comedies, thrillers story about adventure and unexpected challenges."
s721,Movie,The Last Journey 721,Nina Patel,Rohan Lee; Emma Brown; Aarav Lee,United States,December 11 2025,2020,PG,131 min,Documentaries,A documentaries story about mystery and unexpected challenges.
s722,Movie,The Secret Island 722,Ravi Kumar,,Mexico,January 26 2021,2019,PG-13,88 min,"Sports Movies, Action & Adventure","A sports movies, action & adventure story about mystery and unexpected challenges."
s723,Movie,Lost Memories 723,Sarah Wilson,Liam Das; Olivia Patel; Sneha Singh,Italy,September 06 2019,2002,,127 min,Crime TV Shows,A crime tv shows story about love and unexpected challenges.
s724,Movie,Lost Memories 724,Michael Brown,Noah Martin; Aditi Roy; Karan Khan,Mexico,March 04 2025,2025,PG-13,136 min,"Romantic Movies, Dramas","A romantic movies, dramas story about ambition and unexpected challenges."
s725,Movie,Final Mission 725,John Smith,Emma Lee; Ananya Brown; Vikram Johnson,United States,November 11 2024,2001,TV-MA,132 min,"Thrillers, Comedies","A thrillers, comedies story about adventure and unexpected challenges."
s726,TV Show,Life in Mumbai 726,Sarah Wilson,Karan Lee; Riya Thomas; Ananya Smith,Italy,April 05 2018,2004,R,5 Seasons,"Documentaries, Stand-Up Comedy","A documentaries, stand-up comedy story about love and unexpected challenges."
s727,Movie,Lost Memories 727,Nina Patel,Neha Sharma; Ananya Lee; Lucas Roy,Italy,September 12 2023,2006,TV-Y,137 min,"International Movies, Kids' TV","A international movies, kids' tv story about mystery and unexpected challenges."
s728,Movie,Final Mission 728,David Lee,Arjun Brown; Ananya Khan; Neha Martin,Italy,July 08 2024,2014,NR,125 min,Sports Movies,A sports movies story about friendship and unexpected challenges.
s729,Movie,The Last Signal 729,Unknown,Mia Singh; Aarav Wilson; Arjun Martin,United States,May 14 2023,2014,TV-PG,179 min,"Thrillers, International TV Shows","A thrillers, international tv shows story about family and unexpected challenges."
s730,Movie,The Great Escape 730,Daniel Martin,Vikram Khan; Priya Khan; Daniel Khan,South Korea,May 01 2025,2021,TV-MA,130 min,Stand-Up Comedy,A stand-up comedy story about friendship and unexpected challenges.
s731,TV Show,Young Hearts 731,Nina Patel,Aarav Johnson; Rohan Lee; Kabir Thomas,United Kingdom,October 21 2021,2021,TV-Y7,3 Seasons,Horror Movies,A horror movies story about adventure and unexpected challenges.
s732,Movie,A New Beginning 732,Ravi Kumar,Mia Singh; Ananya Roy; Riya Martin,Canada,July 13 2023,2002,TV-Y,95 min,Sci-Fi & Fantasy,A sci-fi & fantasy story about family and unexpected challenges.
s733,Movie,A New Beginning 733,Michael Brown,Neha Singh; Aditi Khan; Mia Johnson,United Kingdom,June 01 2025,2025,PG,113 min,Thrillers,A thrillers story about friendship and unexpected challenges.
s734,TV Show,The New Beginning 734,Ravi Kumar,Riya Brown; Rahul Singh; Noah Johnson,United States,October 22 2024,2011,TV-MA,2 Seasons,Sports Movies,A sports movies story about friendship and unexpected challenges.
s735,Movie,The Last Signal 735,Arjun Roy,Mia Roy; Sneha Patel; Arjun Smith,Japan,December 23 2025,2024,TV-Y7,169 min,Romantic Movies,A romantic movies story about friendship and unexpected challenges.
s736,Movie,Lost Memories 736,John Smith,Vikram Gupta; Mia Wilson; Liam Smith,Canada,January 06 2020,2011,TV-Y7,148 min,Romantic Movies,A romantic movies story about adventure and unexpected challenges.
s737,Movie,Ocean Mystery 737,Nina Patel,Lucas Sen; Sophia Gupta; Karan Brown,Japan,May 11 2021,2008,TV-14,138 min,"Comedies, Dramas","A comedies, dramas story about family and unexpected challenges."
s738,Movie,The Great Escape 738,Nina Patel,Aditi Thomas; Sneha Johnson; Priya Brown,India,January 10 2024,2018,TV-MA,134 min,"Romantic Movies, Horror Movies","A romantic movies, horror movies story about ambition and unexpected challenges."
s739,Movie,Broken Dreams 739,John Smith,Liam Khan; Meera Mehta; Priya Thomas,United States,March 03 2022,2007,TV-14,162 min,Sci-Fi & Fantasy,A sci-fi & fantasy story about adventure and unexpected challenges.
s740,Movie,Ocean Mystery 740,Priya Das,Daniel Johnson; Liam Sen; Aditi Patel,India,September 02 2022,2014,TV-PG,154 min,Sci-Fi & Fantasy,A sci-fi & fantasy story about friendship and unexpected challenges.
s741,TV Show,The Final Season 741,John Smith,Noah Brown; Mia Smith; Emma Gupta,India,January 12 2019,2005,TV-PG,3 Seasons,Kids' TV,A kids' tv story about adventure and unexpected challenges.
s742,TV Show,Young Hearts 742,Unknown,Priya Wilson; Aditya Sen; Ananya Smith,United States,May 14 2022,2018,R,4 Seasons,"Kids' TV, Thrillers","A kids' tv, thrillers story about family and unexpected challenges."
s743,TV Show,Hidden Stories 743,Michael Brown,Arjun Sharma; Rahul Sharma; Sneha Brown,United States,November 09 2023,2017,PG-13,7 Seasons,"Crime TV Shows, Children & Family Movies","A crime tv shows, children & family movies story about friendship and unexpected challenges."
s744,Movie,Lost Memories 744,Raj Mehta,Lucas Singh; Vikram Gupta; Daniel Smith,Mexico,November 08 2025,2023,TV-Y,140 min,"International Movies, Comedies","A international movies, comedies story about love and unexpected challenges."
s745,Movie,The Last Journey 745,Nina Patel,Ishita Wilson; Priya Johnson; Kabir Thomas,United Kingdom,November 22 2024,2023,G,179 min,International Movies,A international movies story about love and unexpected challenges.
s746,TV Show,Life in Mumbai 746,Unknown,Noah Sen; Meera Singh; Mia Wilson,Spain,April 16 2019,2016,NR,2 Seasons,Thrillers,A thrillers story about adventure and unexpected challenges.
s747,TV Show,The New Beginning 747,David Lee,Liam Khan; Neha Smith; Emma Lee,United Kingdom,February 13 2019,2012,NR,6 Seasons,"Children & Family Movies, Stand-Up Comedy","A children & family movies, stand-up comedy story about love and unexpected challenges."
s748,TV Show,The Final Season 748,Arjun Roy,Ananya Khan; Lucas Martin; Riya Brown,United States,January 16 2025,2009,R,6 Seasons,"International TV Shows, Action & Adventure","A international tv shows, action & adventure story about ambition and unexpected challenges."
s749,TV Show,The Final Season 749,Anil Sharma,Ananya Thomas; Rohan Gupta; Meera Thomas,United Kingdom,February 10 2025,2015,G,1 Seasons,Sci-Fi & Fantasy,A sci-fi & fantasy story about family and unexpected challenges.
s750,Movie,Hidden Truth 750,Ravi Kumar,Aditi Lee; Lucas Sharma; Rahul Singh,United Kingdom,June 06 2018,2009,TV-14,105 min,"Action & Adventure, International TV Shows","A action & adventure, international tv shows story about friendship and unexpected challenges."
s751,Movie,The Last Journey 751,Raj Mehta,,France,December 27 2025,2021,R,128 min,"Comedies, Romantic Movies","A comedies, romantic movies story about family and unexpected challenges."
s752,Movie,The Secret Island 752,Daniel Martin,Lucas Singh; Meera Das; Aditya Lee,Canada,November 03 2022,2022,NR,139 min,Thrillers,A thrillers story about family and unexpected challenges.
s753,Movie,Shadow Hunter 753,David Lee,Vikram Johnson; Lucas Johnson; Ishita Martin,France,April 06 2021,2016,TV-14,113 min,Action & Adventure,A action & adventure story about family and unexpected challenges.
s754,TV Show,Dark Streets 754,,Olivia Mehta; Meera Sharma; Aditya Mehta,India,May 07 2018,2013,TV-PG,6 Seasons,"Stand-Up Comedy, Kids' TV","A stand-up comedy, kids' tv story about friendship and unexpected challenges."
s755,Movie,Ocean Mystery 755,John Smith,Daniel Thomas; Emma Brown; Aarav Sen,United States,April 21 2024,2003,R,110 min,Kids' TV,A kids' tv story about love and unexpected challenges.
s756,Movie,Beyond the Horizon 756,Emma Carter,Rahul Mehta; Neha Patel; Liam Smith,India,October 26 2021,2011,TV-PG,91 min,Romantic Movies,A romantic movies story about mystery and unexpected challenges.
s757,Movie,Broken Dreams 757,Michael Brown,Emma Gupta; Priya Roy; Priya Gupta,Mexico,May 07 2023,2012,PG-13,107 min,"Horror Movies, Documentaries","A horror movies, documentaries story about friendship and unexpected challenges."
s758,Movie,Summer Rain 758,Sarah Wilson,Ishita Das; Ishita Brown; Aarav Sen,India,June 02 2020,2015,R,100 min,"Crime TV Shows, Action & Adventure","A crime tv shows, action & adventure story about family and unexpected challenges."
s759,TV Show,The Village 759,John Smith,Sophia Lee; Rohan Gupta; Noah Gupta,United Kingdom,September 15 2020,2015,PG-13,2 Seasons,"Comedies, Thrillers","A comedies, thrillers story about adventure and unexpected challenges."
s760,Movie,Summer Rain 760,Emma Carter,Noah Lee; Aditi Lee; Karan Khan,United Kingdom,January 19 2024,2019,TV-Y,132 min,Documentaries,A documentaries story about ambition and unexpected challenges.
s761,Movie,A New Beginning 761,Michael Brown,Rahul Wilson; Sophia Roy; Karan Thomas,Spain,February 16 2023,2023,R,81 min,"Sports Movies, Kids' TV","A sports movies, kids' tv story about love and unexpected challenges."
s762,TV Show,The Investigation 762,Emma Carter,Ananya Roy; Meera Johnson; Priya Smith,Canada,January 01 2025,2000,TV-PG,5 Seasons,International Movies,A international movies story about family and unexpected challenges.
s763,Movie,Ocean Mystery 763,Sarah Wilson,Liam Sen; Sophia Patel; Karan Patel,United States,November 12 2019,2015,PG-13,133 min,"Children & Family Movies, International TV Shows","A children & family movies, international tv shows story about mystery and unexpected challenges."
s764,TV Show,The Family House 764,Anil Sharma,Emma Mehta; Priya Das; Emma Thomas,Australia,August 22 2024,2014,NR,4 Seasons,Dramas,A dramas story about family and unexpected challenges.
s765,Movie,The Silent City 765,David Lee,Sneha Martin; Neha Khan; Lucas Wilson,Japan,March 04 2024,2009,TV-Y7,110 min,International TV Shows,A international tv shows story about adventure and unexpected challenges.
s766,Movie,Midnight Road 766,Emma Carter,Vikram Gupta; Aarav Mehta; Aditi Brown,South Korea,August 13 2018,2018,NR,165 min,Thrillers,A thrillers story about ambition and unexpected challenges.
s767,TV Show,Beyond Time 767,Nina Patel,Kabir Gupta; Aditi Smith; Emma Patel,United States,December 04 2019,2004,TV-PG,5 Seasons,"Documentaries, Stand-Up Comedy","A documentaries, stand-up comedy story about friendship and unexpected challenges."
s768,Movie,Beyond the Horizon 768,Priya Das,Sneha Thomas; Noah Das; Sneha Sharma,United States,December 06 2018,2012,G,174 min,"Romantic Movies, Sports Movies","A romantic movies, sports movies story about love and unexpected challenges."
s769,Movie,Broken Dreams 769,Nina Patel,Neha Khan; Vikram Martin; Rahul Khan,Canada,March 01 2019,2003,PG-13,75 min,"Action & Adventure, Documentaries","A action & adventure, documentaries story about love and unexpected challenges."
s770,Movie,Summer Rain 770,David Lee,Noah Sen; Priya Wilson; Kabir Thomas,United States,July 04 2024,2009,R,112 min,"International Movies, Action & Adventure","A international movies, action & adventure story about friendship and unexpected challenges."
s771,TV Show,Future World 771,Unknown,Aditi Gupta; Rohan Singh; Daniel Gupta,United States,April 26 2018,2005,R,2 Seasons,"Stand-Up Comedy, Romantic Movies","A stand-up comedy, romantic movies story about mystery and unexpected challenges."
s772,Movie,Broken Dreams 772,David Lee,Sophia Das; Neha Sharma; Rahul Roy,United States,May 08 2021,2021,TV-Y7,117 min,Kids' TV,A kids' tv story about friendship and unexpected challenges.
s773,Movie,Final Mission 773,Emma Carter,Lucas Mehta; Priya Gupta; Aditi Johnson,United States,August 14 2020,2010,TV-Y7,118 min,Crime TV Shows,A crime tv shows story about ambition and unexpected challenges.
s774,Movie,Broken Dreams 774,Daniel Martin,Ishita Mehta; Daniel Singh; Neha Sharma,Mexico,February 07 2018,2010,TV-PG,168 min,"Romantic Movies, Horror Movies","A romantic movies, horror movies story about adventure and unexpected challenges."
s775,TV Show,Hidden Stories 775,Michael Brown,Noah Wilson; Noah Johnson; Lucas Smith,United States,April 26 2021,2018,TV-MA,3 Seasons,"Sci-Fi & Fantasy, Horror Movies","A sci-fi & fantasy, horror movies story about love and unexpected challenges."
s776,Movie,The Last Journey 776,Unknown,Rahul Smith; Sophia Singh; Riya Roy,India,November 01 2025,2020,TV-Y7,142 min,Crime TV Shows,A crime tv shows story about mystery and unexpected challenges.
s777,TV Show,Future World 777,John Smith,Ishita Martin; Olivia Johnson; Rohan Johnson,India,January 12 2024,2021,TV-MA,7 Seasons,"Crime TV Shows, International TV Shows","A crime tv shows, international tv shows story about family and unexpected challenges."
s778,Movie,Broken Dreams 778,David Lee,Aarav Khan; Noah Smith; Rahul Roy,Australia,September 12 2019,2017,PG-13,133 min,"Sports Movies, Dramas","A sports movies, dramas story about ambition and unexpected challenges."
s779,Movie,The Silent City 779,Anil Sharma,Mia Singh; Noah Thomas; Ananya Brown,Australia,June 20 2024,2021,TV-Y7,85 min,Horror Movies,A horror movies story about mystery and unexpected challenges.
s780,Movie,The Silent City 780,Nina Patel,Rohan Khan; Ananya Thomas; Vikram Lee,Japan,January 20 2018,2005,TV-14,96 min,Sci-Fi & Fantasy,A sci-fi & fantasy story about mystery and unexpected challenges.
s781,Movie,Broken Dreams 781,Daniel Martin,Sophia Lee; Rahul Singh; Rohan Singh,United Kingdom,September 21 2025,2025,TV-Y7,102 min,Romantic Movies,A romantic movies story about family and unexpected challenges.
s782,Movie,Final Mission 782,Michael Brown,Arjun Patel; Rahul Patel; Sneha Das,India,July 11 2023,2011,TV-Y7,175 min,"International TV Shows, Dramas","A international tv shows, dramas story about family and unexpected challenges."
s783,Movie,A New Beginning 783,John Smith,Priya Johnson; Ishita Patel; Priya Khan,India,October 16 2020,2019,TV-14,88 min,"Action & Adventure, Sci-Fi & Fantasy","A action & adventure, sci-fi & fantasy story about adventure and unexpected challenges."
s784,Movie,The Great Escape 784,Sarah Wilson,Rohan Thomas; Emma Lee; Kabir Gupta,Canada,April 20 2022,2013,R,85 min,"Crime TV Shows, International TV Shows","A crime tv shows, international tv shows story about mystery and unexpected challenges."
s785,Movie,Midnight Road 785,Emma Carter,Ishita Khan; Aditya Gupta; Ishita Thomas,Japan,November 26 2025,2018,R,175 min,Documentaries,A documentaries story about friendship and unexpected challenges.
s786,TV Show,Code Breakers 786,Unknown,Olivia Martin; Neha Smith; Liam Das,India,September 27 2024,2015,TV-Y,2 Seasons,Horror Movies,A horror movies story about adventure and unexpected challenges.
s787,TV Show,The Investigation 787,Priya Das,Aarav Martin; Emma Wilson; Kabir Wilson,United States,June 01 2019,2013,NR,6 Seasons,International TV Shows,A international tv shows story about family and unexpected challenges.
s788,Movie,Summer Rain 788,Sarah Wilson,Vikram Brown; Priya Lee; Daniel Das,India,November 09 2022,2003,TV-PG,110 min,"International Movies, Stand-Up Comedy","A international movies, stand-up comedy story about family and unexpected challenges."
s789,Movie,The Secret Island 789,Sarah Wilson,Neha Brown; Mia Gupta; Mia Sharma,India,March 06 2021,2011,NR,154 min,Dramas,A dramas story about ambition and unexpected challenges.
s790,Movie,The Great Escape 790,Ravi Kumar,,United States,March 20 2019,2014,R,128 min,International TV Shows,A international tv shows story about family and unexpected challenges.
s791,TV Show,Life in Mumbai 791,David Lee,Rahul Mehta; Riya Sharma; Liam Mehta,United States,November 21 2025,2012,TV-14,2 Seasons,Thrillers,A thrillers story about ambition and unexpected challenges.
s792,TV Show,World of Dreams 792,Anil Sharma,,Japan,February 14 2018,2010,TV-MA,7 Seasons,"Crime TV Shows, International TV Shows","A crime tv shows, international tv shows story about adventure and unexpected challenges."
s793,Movie,The Last Signal 793,John Smith,Kabir Singh; Kabir Lee; Meera Thomas,Japan,December 10 2025,2017,TV-PG,82 min,Kids' TV,A kids' tv story about mystery and unexpected challenges.
s794,Movie,Hidden Truth 794,Raj Mehta,Sophia Martin; Ishita Johnson; Aditi Thomas,United Kingdom,November 12 2025,2014,TV-14,110 min,"Documentaries, Kids' TV","A documentaries, kids' tv story about friendship and unexpected challenges."
s795,TV Show,The Last Chapter 795,Sarah Wilson,Sophia Gupta; Aditi Sen; Sophia Smith,United Kingdom,November 22 2022,2011,,1 Seasons,Dramas,A dramas story about family and unexpected challenges.
s796,Movie,Broken Dreams 796,Anil Sharma,Vikram Khan; Noah Mehta; Priya Gupta,Canada,July 15 2019,2010,G,178 min,Children & Family Movies,A children & family movies story about mystery and unexpected challenges.
s797,Movie,The Last Journey 797,Emma Carter,Lucas Roy; Ananya Khan; Arjun Smith,South Korea,November 19 2024,2001,NR,130 min,"Sci-Fi & Fantasy, Thrillers","A sci-fi & fantasy, thrillers story about ambition and unexpected challenges."
s798,Movie,The Great Escape 798,Emma Carter,Daniel Sen; Ishita Lee; Ananya Singh,United States,October 07 2024,2023,NR,113 min,Action & Adventure,A action & adventure story about adventure and unexpected challenges.
s799,Movie,Hidden Truth 799,Daniel Martin,Emma Gupta; Olivia Mehta; Priya Mehta,India,January 19 2018,2008,TV-MA,128 min,"Sci-Fi & Fantasy, Horror Movies","A sci-fi & fantasy, horror movies story about adventure and unexpected challenges."
s800,TV Show,The Last Chapter 800,Raj Mehta,Kabir Lee; Priya Singh; Vikram Smith,Canada,December 09 2024,2004,TV-14,3 Seasons,"Comedies, International Movies","A comedies, international movies story about friendship and unexpected challenges."
s801,TV Show,City Lights 801,Arjun Roy,Meera Brown; Lucas Sharma; Daniel Khan,India,September 06 2024,2005,PG-13,6 Seasons,"Sports Movies, Sci-Fi & Fantasy","A sports movies, sci-fi & fantasy story about friendship and unexpected challenges."
s802,Movie,Midnight Road 802,Sofia Garcia,Karan Thomas; Aarav Lee; Ishita Brown,France,November 17 2023,2019,TV-PG,143 min,"Crime TV Shows, Thrillers","A crime tv shows, thrillers story about friendship and unexpected challenges."
s803,Movie,Beyond the Horizon 803,Arjun Roy,Aditya Mehta; Sneha Khan; Karan Mehta,India,June 13 2024,2024,TV-PG,167 min,Dramas,A dramas story about love and unexpected challenges.
s804,Movie,Lost Memories 804,John Smith,Daniel Johnson; Emma Sen; Sneha Khan,Italy,June 02 2021,2019,TV-PG,91 min,Dramas,A dramas story about ambition and unexpected challenges.
s805,Movie,Shadow Hunter 805,Anil Sharma,Aarav Patel; Liam Thomas; Karan Thomas,Canada,July 04 2021,2020,PG-13,124 min,"International Movies, Horror Movies","A international movies, horror movies story about love and unexpected challenges."
s806,Movie,Lost Memories 806,Michael Brown,Mia Sen; Sophia Sen; Lucas Patel,United States,February 24 2025,2005,TV-Y,151 min,Romantic Movies,A romantic movies story about mystery and unexpected challenges.
s807,TV Show,City Lights 807,Michael Brown,Aarav Patel; Olivia Roy; Rohan Das,United States,August 10 2025,2011,G,4 Seasons,"Documentaries, International TV Shows","A documentaries, international tv shows story about friendship and unexpected challenges."
s808,TV Show,Life in Mumbai 808,Sofia Garcia,Meera Patel; Aarav Brown; Ananya Brown,,June 04 2024,2009,R,7 Seasons,"Romantic Movies, Action & Adventure","A romantic movies, action & adventure story about friendship and unexpected challenges."
s809,Movie,Lost Memories 809,Priya Das,Kabir Mehta; Karan Sharma; Sophia Gupta,United States,November 26 2023,2007,TV-Y,143 min,International TV Shows,A international tv shows story about ambition and unexpected challenges.
s810,Movie,The Great Escape 810,John Smith,Aditi Mehta; Aarav Mehta; Neha Wilson,United Kingdom,September 12 2023,2023,NR,133 min,Horror Movies,A horror movies story about adventure and unexpected challenges.
s811,Movie,Shadow Hunter 811,David Lee,Olivia Das; Aarav Thomas; Vikram Johnson,United States,April 25 2025,2012,R,120 min,Romantic Movies,A romantic movies story about friendship and unexpected challenges.
s812,Movie,Hidden Truth 812,David Lee,Aditi Sen; Daniel Smith; Mia Mehta,Canada,April 07 2025,2010,TV-PG,125 min,"Stand-Up Comedy, Children & Family Movies","A stand-up comedy, children & family movies story about ambition and unexpected challenges."
s813,Movie,The Last Signal 813,Raj Mehta,Arjun Wilson; Sneha Mehta; Priya Singh,France,February 19 2024,2023,G,149 min,Kids' TV,A kids' tv story about mystery and unexpected challenges.
s814,TV Show,Code Breakers 814,Unknown,Sneha Sen; Priya Thomas; Riya Sen,Japan,January 21 2022,2020,PG,6 Seasons,"Dramas, International TV Shows","A dramas, international tv shows story about family and unexpected challenges."
s815,Movie,Midnight Road 815,Raj Mehta,Emma Martin; Mia Johnson; Aditi Gupta,Italy,July 07 2022,2018,NR,171 min,Romantic Movies,A romantic movies story about love and unexpected challenges.
s816,Movie,Midnight Road 816,Sarah Wilson,Karan Gupta; Arjun Khan; Sneha Smith,Brazil,March 24 2020,2016,PG-13,110 min,Action & Adventure,A action & adventure story about mystery and unexpected challenges.
s817,Movie,Hidden Truth 817,Unknown,Aarav Martin; Rahul Das; Aarav Singh,India,January 12 2022,2000,G,125 min,Kids' TV,A kids' tv story about love and unexpected challenges.
s818,Movie,Summer Rain 818,Sofia Garcia,Karan Roy; Rahul Khan; Sneha Thomas,Germany,January 19 2024,2016,TV-PG,87 min,Action & Adventure,A action & adventure story about friendship and unexpected challenges.
s819,TV Show,Beyond Time 819,Raj Mehta,Rahul Sen; Arjun Smith; Aditi Brown,United States,November 21 2022,2021,TV-PG,1 Seasons,"Romantic Movies, Sports Movies","A romantic movies, sports movies story about love and unexpected challenges."
s820,TV Show,City Lights 820,David Lee,Rohan Lee; Meera Thomas; Karan Brown,United States,September 06 2018,2009,TV-Y7,1 Seasons,"Dramas, Action & Adventure","A dramas, action & adventure story about adventure and unexpected challenges."
s821,Movie,The Last Signal 821,Michael Brown,Liam Thomas; Neha Sharma; Aditya Sharma,India,October 12 2021,2016,NR,119 min,"Crime TV Shows, Comedies","A crime tv shows, comedies story about adventure and unexpected challenges."
s822,Movie,Lost Memories 822,John Smith,Ishita Brown; Lucas Gupta; Arjun Mehta,India,February 08 2022,2010,TV-Y7,129 min,"Sci-Fi & Fantasy, Crime TV Shows","A sci-fi & fantasy, crime tv shows story about ambition and unexpected challenges."
s823,Movie,The Last Journey 823,Michael Brown,Meera Smith; Noah Patel; Priya Das,United States,May 09 2021,2017,R,83 min,Horror Movies,A horror movies story about mystery and unexpected challenges.
s824,Movie,A New Beginning 824,Ravi Kumar,Priya Johnson; Noah Sharma; Noah Johnson,United States,February 17 2021,2002,R,108 min,Crime TV Shows,A crime tv shows story about ambition and unexpected challenges.
s825,Movie,Beyond the Horizon 825,David Lee,Liam Gupta; Mia Gupta; Neha Roy,India,April 12 2020,2016,TV-14,81 min,"Thrillers, Sports Movies","A thrillers, sports movies story about friendship and unexpected challenges."
s826,Movie,Final Mission 826,Sarah Wilson,Priya Sen; Liam Roy; Aditi Thomas,United Kingdom,September 03 2024,2009,TV-Y,166 min,"Thrillers, Horror Movies","A thrillers, horror movies story about mystery and unexpected challenges."
s827,Movie,The Secret Island 827,David Lee,Ananya Roy; Neha Thomas; Emma Sen,Italy,July 06 2023,2000,TV-14,83 min,Crime TV Shows,A crime tv shows story about love and unexpected challenges.
s828,TV Show,Hidden Stories 828,Unknown,Mia Sharma; Mia Wilson; Emma Sen,United States,April 23 2024,2023,PG,7 Seasons,Crime TV Shows,A crime tv shows story about ambition and unexpected challenges.
s829,Movie,Shadow Hunter 829,,Riya Smith; Olivia Thomas; Olivia Khan,Canada,June 15 2022,2010,TV-PG,89 min,"Stand-Up Comedy, Children & Family Movies","A stand-up comedy, children & family movies story about ambition and unexpected challenges."
s830,Movie,The Last Journey 830,Unknown,Sophia Roy; Emma Sharma; Vikram Patel,India,January 09 2023,2015,TV-Y,114 min,"Documentaries, Crime TV Shows","A documentaries, crime tv shows story about ambition and unexpected challenges."
s831,TV Show,City Lights 831,Michael Brown,Meera Smith; Rohan Brown; Meera Johnson,,August 16 2021,2011,TV-Y,2 Seasons,"Children & Family Movies, International TV Shows","A children & family movies, international tv shows story about family and unexpected challenges."
s832,Movie,Shadow Hunter 832,Nina Patel,Emma Martin; Olivia Roy; Rohan Lee,France,November 02 2018,2014,PG-13,169 min,"Comedies, Children & Family Movies","A comedies, children & family movies story about family and unexpected challenges."
s833,Movie,Shadow Hunter 833,Sofia Garcia,Sophia Khan; Aditya Gupta; Olivia Sharma,United States,November 05 2018,2016,PG-13,145 min,"Children & Family Movies, Romantic Movies","A children & family movies, romantic movies story about mystery and unexpected challenges."
s834,TV Show,Hidden Stories 834,Daniel Martin,Riya Wilson; Karan Sen; Vikram Patel,France,March 24 2021,2017,R,1 Seasons,Horror Movies,A horror movies story about mystery and unexpected challenges.
s835,TV Show,The Family House 835,Michael Brown,Olivia Brown; Riya Brown; Sophia Thomas,United States,October 09 2021,2008,PG-13,7 Seasons,Children & Family Movies,A children & family movies story about friendship and unexpected challenges.
s836,TV Show,The Final Season 836,Priya Das,Aarav Brown; Ishita Khan; Aditya Patel,United States,January 25 2020,2007,NR,1 Seasons,Sports Movies,A sports movies story about mystery and unexpected challenges.
s837,Movie,A New Beginning 837,John Smith,Ishita Sen; Liam Singh; Rahul Thomas,South Korea,September 05 2022,2005,PG-13,161 min,"International Movies, Dramas","A international movies, dramas story about mystery and unexpected challenges."
s838,TV Show,Future World 838,Raj Mehta,Riya Martin; Rohan Khan; Noah Brown,United States,January 01 2019,2005,NR,1 Seasons,"Sci-Fi & Fantasy, Documentaries","A sci-fi & fantasy, documentaries story about mystery and unexpected challenges."
s839,Movie,The Great Escape 839,Anil Sharma,Olivia Thomas; Neha Mehta; Daniel Lee,Canada,May 27 2022,2019,TV-PG,172 min,"Thrillers, Sports Movies","A thrillers, sports movies story about mystery and unexpected challenges."
s840,Movie,The Secret Island 840,Michael Brown,Neha Mehta; Meera Lee; Priya Singh,United Kingdom,November 17 2023,2006,PG-13,162 min,Dramas,A dramas story about mystery and unexpected challenges.
s841,TV Show,Code Breakers 841,Sarah Wilson,Rohan Lee; Karan Smith; Arjun Martin,India,April 03 2022,2019,PG-13,1 Seasons,Dramas,A dramas story about family and unexpected challenges.
s842,Movie,The Secret Island 842,Anil Sharma,Noah Lee; Aarav Patel; Karan Smith,Japan,June 24 2025,2022,TV-Y7,128 min,"Kids' TV, Action & Adventure","A kids' tv, action & adventure story about ambition and unexpected challenges."
s843,Movie,Lost Memories 843,John Smith,Vikram Lee; Sophia Mehta; Vikram Khan,United States,March 12 2022,2001,R,84 min,"Comedies, Sports Movies","A comedies, sports movies story about mystery and unexpected challenges."
s844,Movie,The Last Signal 844,Sarah Wilson,Daniel Brown; Mia Lee; Priya Smith,Canada,September 27 2022,2004,TV-MA,123 min,"Horror Movies, Comedies","A horror movies, comedies story about ambition and unexpected challenges."
s845,TV Show,Code Breakers 845,Priya Das,Sophia Wilson; Sophia Patel; Arjun Singh,Canada,October 15 2020,2001,NR,2 Seasons,"Action & Adventure, Documentaries","A action & adventure, documentaries story about ambition and unexpected challenges."
s846,Movie,The Silent City 846,David Lee,Aditya Sharma; Aarav Sen; Meera Singh,France,March 13 2018,2008,R,92 min,Romantic Movies,A romantic movies story about adventure and unexpected challenges.
s847,Movie,Broken Dreams 847,Unknown,Kabir Gupta; Riya Brown; Sophia Smith,France,February 18 2021,2012,TV-14,128 min,"Sports Movies, Thrillers","A sports movies, thrillers story about friendship and unexpected challenges."
s848,TV Show,World of Dreams 848,Unknown,Meera Martin; Meera Smith; Meera Gupta,United Kingdom,October 19 2024,2014,TV-PG,3 Seasons,"Romantic Movies, Kids' TV","A romantic movies, kids' tv story about adventure and unexpected challenges."
s849,TV Show,Hidden Stories 849,Sarah Wilson,Vikram Singh; Rahul Patel; Rahul Wilson,United States,January 11 2024,2023,NR,4 Seasons,"International Movies, Documentaries","A international movies, documentaries story about ambition and unexpected challenges."
s850,Movie,Broken Dreams 850,John Smith,Neha Patel; Sophia Sen; Aditya Martin,Spain,May 27 2022,2021,PG,99 min,"Crime TV Shows, Comedies","A crime tv shows, comedies story about adventure and unexpected challenges."
s851,Movie,The Great Escape 851,Priya Das,Kabir Singh; Kabir Wilson; Mia Lee,Australia,January 03 2018,2016,TV-PG,179 min,Kids' TV,A kids' tv story about love and unexpected challenges.
s852,TV Show,The Final Season 852,Daniel Martin,Olivia Wilson; Rahul Patel; Daniel Mehta,United States,April 07 2023,2010,TV-PG,7 Seasons,"Horror Movies, Action & Adventure","A horror movies, action & adventure story about family and unexpected challenges."
s853,Movie,Midnight Road 853,Unknown,Aditi Patel; Liam Johnson; Karan Brown,United States,April 04 2018,2000,PG,97 min,Comedies,A comedies story about family and unexpected challenges.
s854,Movie,The Great Escape 854,Sarah Wilson,Mia Wilson; Emma Wilson; Lucas Brown,United States,November 06 2025,2019,TV-Y,101 min,"Horror Movies, Children & Family Movies","A horror movies, children & family movies story about family and unexpected challenges."
s855,Movie,The Secret Island 855,Nina Patel,Aditi Sen; Mia Wilson; Noah Lee,India,July 01 2025,2024,TV-Y7,116 min,Stand-Up Comedy,A stand-up comedy story about family and unexpected challenges.
s856,Movie,A New Beginning 856,Raj Mehta,Mia Roy; Lucas Johnson; Rahul Khan,Japan,October 22 2022,2006,PG,85 min,Children & Family Movies,A children & family movies story about adventure and unexpected challenges.
s857,Movie,Summer Rain 857,Nina Patel,Aarav Wilson; Ishita Patel; Rahul Martin,Mexico,April 15 2023,2010,R,118 min,"Sports Movies, Dramas","A sports movies, dramas story about mystery and unexpected challenges."
s858,TV Show,The Family House 858,Anil Sharma,Daniel Johnson; Arjun Roy; Sneha Martin,Canada,May 16 2025,2020,R,1 Seasons,Horror Movies,A horror movies story about love and unexpected challenges.
s859,Movie,The Last Journey 859,David Lee,Vikram Gupta; Olivia Lee; Arjun Wilson,India,May 05 2021,2019,PG-13,122 min,"Horror Movies, Comedies","A horror movies, comedies story about love and unexpected challenges."
s860,TV Show,Life in Mumbai 860,Raj Mehta,Emma Singh; Rahul Roy; Sneha Sharma,India,January 27 2025,2025,TV-14,3 Seasons,"Documentaries, Crime TV Shows","A documentaries, crime tv shows story about ambition and unexpected challenges."
s861,Movie,Shadow Hunter 861,Ravi Kumar,Priya Brown; Ananya Smith; Rohan Roy,Canada,October 08 2019,2004,TV-MA,153 min,Sci-Fi & Fantasy,A sci-fi & fantasy story about ambition and unexpected challenges.
s862,TV Show,The Family House 862,John Smith,Aditya Mehta; Vikram Wilson; Mia Thomas,India,August 13 2023,2018,PG-13,7 Seasons,"Stand-Up Comedy, Crime TV Shows","A stand-up comedy, crime tv shows story about mystery and unexpected challenges."
s863,TV Show,Dark Streets 863,Sofia Garcia,Emma Singh; Aarav Brown; Olivia Mehta,United Kingdom,August 20 2020,2003,TV-Y7,1 Seasons,Documentaries,A documentaries story about adventure and unexpected challenges.
s864,Movie,The Last Signal 864,Sarah Wilson,Karan Khan; Riya Das; Aarav Mehta,South Korea,December 26 2022,2006,TV-MA,171 min,"Dramas, Sci-Fi & Fantasy","A dramas, sci-fi & fantasy story about ambition and unexpected challenges."
s865,TV Show,The Final Season 865,Sarah Wilson,Vikram Mehta; Ishita Patel; Olivia Sharma,France,February 04 2024,2024,NR,2 Seasons,"Sports Movies, Comedies","A sports movies, comedies story about family and unexpected challenges."
s866,Movie,The Silent City 866,Sarah Wilson,Aditya Roy; Rohan Smith; Liam Sen,United States,April 23 2023,2015,,78 min,Romantic Movies,A romantic movies story about love and unexpected challenges.
s867,Movie,Shadow Hunter 867,Anil Sharma,Vikram Sen; Ananya Brown; Daniel Khan,India,February 22 2024,2022,NR,86 min,"International Movies, Action & Adventure","A international movies, action & adventure story about adventure and unexpected challenges."
s868,TV Show,Young Hearts 868,Ravi Kumar,Noah Lee; Priya Das; Sophia Gupta,United States,March 09 2025,2010,TV-PG,3 Seasons,Sci-Fi & Fantasy,A sci-fi & fantasy story about love and unexpected challenges.
s869,Movie,Hidden Truth 869,Unknown,Sophia Khan; Ananya Martin; Daniel Das,India,August 21 2025,2023,TV-Y7,104 min,"International TV Shows, Sci-Fi & Fantasy","A international tv shows, sci-fi & fantasy story about friendship and unexpected challenges."
s870,Movie,The Great Escape 870,Emma Carter,Neha Johnson; Rahul Gupta; Ananya Brown,United States,November 21 2018,2017,TV-14,82 min,"Sci-Fi & Fantasy, Horror Movies","A sci-fi & fantasy, horror movies story about ambition and unexpected challenges."
s871,TV Show,The Village 871,Sarah Wilson,Mia Khan; Karan Gupta; Ishita Roy,United States,May 12 2024,2024,TV-PG,1 Seasons,"Thrillers, International Movies","A thrillers, international movies story about love and unexpected challenges."
s872,TV Show,World of Dreams 872,Arjun Roy,Meera Mehta; Kabir Sen; Sophia Patel,India,March 13 2019,2007,G,5 Seasons,"Kids' TV, Comedies","A kids' tv, comedies story about family and unexpected challenges."
s873,Movie,Summer Rain 873,Daniel Martin,Meera Smith; Rohan Wilson; Daniel Singh,Canada,December 09 2021,2014,TV-PG,164 min,Sci-Fi & Fantasy,A sci-fi & fantasy story about ambition and unexpected challenges.
s874,Movie,Midnight Road 874,Raj Mehta,Rahul Brown; Sophia Roy; Aarav Das,United Kingdom,December 22 2025,2015,TV-PG,75 min,Stand-Up Comedy,A stand-up comedy story about love and unexpected challenges.
s875,Movie,The Last Signal 875,,Ananya Khan; Ananya Sen; Daniel Sharma,United States,December 06 2023,2004,PG,91 min,"Kids' TV, Sports Movies","A kids' tv, sports movies story about adventure and unexpected challenges."
s876,TV Show,The New Beginning 876,Anil Sharma,Riya Lee; Aarav Sen; Emma Khan,United States,September 02 2024,2007,TV-Y,4 Seasons,Dramas,A dramas story about ambition and unexpected challenges.
s877,Movie,Hidden Truth 877,Sarah Wilson,Lucas Das; Kabir Roy; Neha Johnson,United States,December 08 2021,2011,TV-PG,127 min,"Horror Movies, Thrillers","A horror movies, thrillers story about ambition and unexpected challenges."
s878,Movie,Midnight Road 878,Unknown,Karan Smith; Priya Khan; Olivia Sharma,India,November 26 2020,2006,PG-13,102 min,Action & Adventure,A action & adventure story about adventure and unexpected challenges.
s879,Movie,Beyond the Horizon 879,John Smith,Rahul Roy; Sneha Martin; Aditi Sen,United States,April 07 2020,2006,R,83 min,Stand-Up Comedy,A stand-up comedy story about ambition and unexpected challenges.
s880,Movie,Final Mission 880,Sarah Wilson,Vikram Martin; Aarav Sharma; Karan Gupta,India,September 12 2019,2019,TV-PG,121 min,Sci-Fi & Fantasy,A sci-fi & fantasy story about adventure and unexpected challenges.
s881,TV Show,The Investigation 881,Michael Brown,Meera Roy; Liam Martin; Aarav Roy,United Kingdom,December 17 2019,2016,PG-13,7 Seasons,"Kids' TV, Stand-Up Comedy","A kids' tv, stand-up comedy story about adventure and unexpected challenges."
s882,Movie,The Great Escape 882,Nina Patel,Mia Sen; Aditya Thomas; Riya Patel,United States,September 16 2023,2020,G,87 min,"International TV Shows, Stand-Up Comedy","A international tv shows, stand-up comedy story about mystery and unexpected challenges."
s883,Movie,Hidden Truth 883,Priya Das,Aditya Smith; Emma Das; Kabir Roy,,April 22 2023,2019,TV-14,126 min,"Romantic Movies, Thrillers","A romantic movies, thrillers story about adventure and unexpected challenges."
s884,Movie,The Silent City 884,David Lee,Aditi Martin; Meera Singh; Daniel Lee,United Kingdom,July 07 2023,2023,G,155 min,"Thrillers, Dramas","A thrillers, dramas story about adventure and unexpected challenges."
s885,Movie,Summer Rain 885,John Smith,Ishita Patel; Daniel Smith; Sneha Brown,Italy,July 27 2019,2014,TV-Y,112 min,Children & Family Movies,A children & family movies story about adventure and unexpected challenges.
s886,Movie,The Secret Island 886,David Lee,Emma Brown; Aarav Lee; Sophia Mehta,Australia,May 19 2024,2002,R,87 min,Horror Movies,A horror movies story about ambition and unexpected challenges.
s887,TV Show,Hidden Stories 887,Unknown,Aditi Thomas; Ishita Khan; Daniel Khan,United Kingdom,June 11 2024,2012,G,5 Seasons,Thrillers,A thrillers story about love and unexpected challenges.
s888,TV Show,Life in Mumbai 888,Michael Brown,Sophia Martin; Rohan Sharma; Aditya Singh,India,January 26 2018,2001,PG,4 Seasons,Documentaries,A documentaries story about love and unexpected challenges.
s889,Movie,The Silent City 889,Raj Mehta,Lucas Sen; Rahul Brown; Noah Martin,United States,August 08 2022,2006,G,151 min,"Romantic Movies, International Movies","A romantic movies, international movies story about love and unexpected challenges."
s890,Movie,Midnight Road 890,Daniel Martin,Ananya Sen; Sophia Thomas; Sophia Brown,France,April 20 2019,2001,R,155 min,"Romantic Movies, International TV Shows","A romantic movies, international tv shows story about ambition and unexpected challenges."
s891,Movie,The Last Signal 891,Arjun Roy,Ishita Roy; Liam Lee; Lucas Smith,Japan,January 18 2023,2023,PG,173 min,International TV Shows,A international tv shows story about mystery and unexpected challenges.
s892,TV Show,The Investigation 892,Michael Brown,Aditya Khan; Mia Khan; Sneha Das,France,July 21 2019,2014,TV-PG,1 Seasons,Documentaries,A documentaries story about mystery and unexpected challenges.
s893,Movie,Midnight Road 893,Emma Carter,Emma Roy; Aditi Sen; Neha Wilson,Canada,October 15 2023,2010,TV-Y7,116 min,"Horror Movies, Sports Movies","A horror movies, sports movies story about adventure and unexpected challenges."
s894,TV Show,Code Breakers 894,Anil Sharma,Sophia Mehta; Vikram Johnson; Ishita Thomas,Australia,April 19 2025,2000,R,6 Seasons,Thrillers,A thrillers story about family and unexpected challenges.
s895,Movie,Beyond the Horizon 895,Unknown,Aarav Mehta; Meera Thomas; Rohan Johnson,United States,July 13 2025,2010,TV-Y,155 min,"Crime TV Shows, Kids' TV","A crime tv shows, kids' tv story about love and unexpected challenges."
s896,Movie,Hidden Truth 896,Unknown,Aditi Brown; Aditya Singh; Noah Sen,India,September 16 2023,2001,TV-Y7,98 min,"Documentaries, Horror Movies","A documentaries, horror movies story about mystery and unexpected challenges."
s897,TV Show,Hidden Stories 897,,Emma Roy; Priya Roy; Kabir Thomas,Canada,February 07 2023,2022,NR,6 Seasons,"International Movies, Sports Movies","A international movies, sports movies story about family and unexpected challenges."
s898,Movie,The Last Signal 898,Ravi Kumar,Arjun Sen; Rohan Martin; Liam Martin,India,January 25 2024,2017,NR,109 min,Horror Movies,A horror movies story about love and unexpected challenges.
s899,Movie,Lost Memories 899,John Smith,Lucas Patel; Liam Johnson; Ishita Brown,Japan,July 11 2023,2013,NR,171 min,Thrillers,A thrillers story about ambition and unexpected challenges.
s900,TV Show,Hidden Stories 900,Raj Mehta,Aditi Patel; Meera Gupta; Ananya Gupta,United States,March 09 2021,2005,R,7 Seasons,"Dramas, Action & Adventure","A dramas, action & adventure story about family and unexpected challenges."
s901,Movie,Final Mission 901,Raj Mehta,Neha Lee; Rahul Khan; Mia Khan,Japan,June 15 2025,2020,PG-13,119 min,"Thrillers, Comedies","A thrillers, comedies story about ambition and unexpected challenges."
s902,Movie,Hidden Truth 902,John Smith,Priya Roy; Kabir Sen; Liam Roy,India,February 23 2018,2003,G,106 min,Sports Movies,A sports movies story about family and unexpected challenges.
s903,Movie,Hidden Truth 903,Anil Sharma,Arjun Johnson; Sneha Thomas; Ananya Mehta,India,November 05 2025,2006,TV-MA,148 min,"Crime TV Shows, Thrillers","A crime tv shows, thrillers story about family and unexpected challenges."
s904,Movie,Final Mission 904,David Lee,Lucas Mehta; Ananya Singh; Noah Patel,United States,November 16 2025,2025,R,80 min,Thrillers,A thrillers story about love and unexpected challenges.
s905,Movie,Shadow Hunter 905,John Smith,Rahul Sharma; Meera Sen; Aditya Das,India,November 18 2025,2021,TV-14,126 min,Stand-Up Comedy,A stand-up comedy story about family and unexpected challenges.
s906,Movie,Beyond the Horizon 906,Nina Patel,Rohan Brown; Riya Roy; Sneha Lee,United States,November 10 2018,2015,G,148 min,"Kids' TV, Children & Family Movies","A kids' tv, children & family movies story about friendship and unexpected challenges."
s907,TV Show,Future World 907,Daniel Martin,Aditya Khan; Arjun Sharma; Emma Smith,United States,April 12 2024,2020,R,4 Seasons,International TV Shows,A international tv shows story about ambition and unexpected challenges.
s908,Movie,Lost Memories 908,,Rohan Mehta; Kabir Wilson; Lucas Lee,India,May 10 2019,2017,PG,130 min,"Children & Family Movies, Crime TV Shows","A children & family movies, crime tv shows story about friendship and unexpected challenges."
s909,Movie,Hidden Truth 909,Ravi Kumar,Emma Das; Olivia Khan; Vikram Patel,United Kingdom,October 25 2025,2004,PG,122 min,"Thrillers, Romantic Movies","A thrillers, romantic movies story about ambition and unexpected challenges."
s910,Movie,Broken Dreams 910,Anil Sharma,Daniel Brown; Kabir Roy; Riya Khan,United States,February 08 2022,2010,TV-Y,160 min,Thrillers,A thrillers story about ambition and unexpected challenges.
s911,TV Show,Dark Streets 911,Sarah Wilson,Ishita Gupta; Riya Das; Kabir Singh,United States,November 11 2024,2007,NR,1 Seasons,"Crime TV Shows, International TV Shows","A crime tv shows, international tv shows story about love and unexpected challenges."
s912,TV Show,The Last Chapter 912,Michael Brown,Sophia Das; Rohan Johnson; Kabir Patel,Australia,March 15 2021,2001,R,7 Seasons,Dramas,A dramas story about mystery and unexpected challenges.
s913,Movie,Broken Dreams 913,John Smith,Rahul Smith; Mia Thomas; Sophia Thomas,India,September 10 2020,2012,NR,80 min,"Horror Movies, Sports Movies","A horror movies, sports movies story about friendship and unexpected challenges."
s914,TV Show,Life in Mumbai 914,Emma Carter,Liam Brown; Liam Lee; Olivia Sen,Germany,December 19 2020,2015,TV-MA,6 Seasons,"Thrillers, Comedies","A thrillers, comedies story about family and unexpected challenges."
s915,Movie,The Secret Island 915,Anil Sharma,Karan Lee; Vikram Mehta; Liam Sharma,,September 15 2021,2008,TV-Y7,170 min,Children & Family Movies,A children & family movies story about love and unexpected challenges.
s916,Movie,Summer Rain 916,Priya Das,Priya Das; Noah Sharma; Riya Roy,India,June 27 2021,2010,G,123 min,"Sports Movies, Horror Movies","A sports movies, horror movies story about love and unexpected challenges."
s917,Movie,Lost Memories 917,Ravi Kumar,Neha Smith; Aarav Martin; Rahul Martin,South Korea,July 07 2019,2006,TV-Y,174 min,Horror Movies,A horror movies story about friendship and unexpected challenges.
s918,Movie,The Silent City 918,Raj Mehta,Neha Khan; Mia Gupta; Neha Martin,India,February 07 2022,2006,TV-MA,151 min,"Children & Family Movies, Sports Movies","A children & family movies, sports movies story about family and unexpected challenges."
s919,Movie,The Last Journey 919,Priya Das,Arjun Mehta; Sneha Thomas; Mia Martin,Australia,August 27 2021,2020,TV-14,148 min,"Action & Adventure, Crime TV Shows","A action & adventure, crime tv shows story about mystery and unexpected challenges."
s920,Movie,Lost Memories 920,Michael Brown,Rohan Das; Vikram Roy; Ananya Roy,India,September 12 2025,2000,PG-13,165 min,"Thrillers, International TV Shows","A thrillers, international tv shows story about mystery and unexpected challenges."
s921,TV Show,World of Dreams 921,Emma Carter,Karan Brown; Meera Singh; Emma Sharma,United States,October 21 2021,2021,TV-14,1 Seasons,Documentaries,A documentaries story about adventure and unexpected challenges.
s922,Movie,Lost Memories 922,Sarah Wilson,Aditya Das; Ananya Sharma; Daniel Patel,United States,March 27 2025,2016,NR,108 min,"Romantic Movies, Children & Family Movies","A romantic movies, children & family movies story about family and unexpected challenges."
s923,TV Show,The New Beginning 923,Anil Sharma,Noah Singh; Meera Thomas; Lucas Smith,Germany,April 10 2019,2006,TV-PG,1 Seasons,International Movies,A international movies story about adventure and unexpected challenges.
s924,Movie,Beyond the Horizon 924,Ravi Kumar,Meera Singh; Mia Lee; Rohan Singh,United Kingdom,November 02 2021,2010,TV-Y,80 min,Romantic Movies,A romantic movies story about friendship and unexpected challenges.
s925,TV Show,Dark Streets 925,Ravi Kumar,Ananya Johnson; Aarav Sharma; Noah Mehta,United States,May 23 2018,2012,TV-MA,2 Seasons,International TV Shows,A international tv shows story about family and unexpected challenges.
s926,Movie,Ocean Mystery 926,Unknown,Olivia Patel; Aditi Das; Olivia Das,United States,February 25 2020,2007,NR,122 min,Dramas,A dramas story about friendship and unexpected challenges.
s927,TV Show,The New Beginning 927,Sofia Garcia,Mia Lee; Rohan Johnson; Vikram Roy,United Kingdom,February 07 2021,2000,TV-Y,6 Seasons,"Comedies, Sci-Fi & Fantasy","A comedies, sci-fi & fantasy story about adventure and unexpected challenges."
s928,TV Show,The Family House 928,John Smith,Kabir Sharma; Noah Wilson; Ishita Thomas,United States,March 27 2022,2017,TV-Y,6 Seasons,Thrillers,A thrillers story about friendship and unexpected challenges.
s929,Movie,Lost Memories 929,Daniel Martin,Neha Patel; Rohan Mehta; Ananya Mehta,Japan,December 03 2022,2005,PG,128 min,Horror Movies,A horror movies story about friendship and unexpected challenges.
s930,TV Show,The Village 930,John Smith,Ananya Sharma; Emma Singh; Priya Singh,Japan,October 18 2025,2025,TV-Y,4 Seasons,"Sci-Fi & Fantasy, Dramas","A sci-fi & fantasy, dramas story about ambition and unexpected challenges."
s931,TV Show,The New Beginning 931,Anil Sharma,Meera Das; Mia Khan; Vikram Mehta,Germany,May 02 2023,2008,G,3 Seasons,Comedies,A comedies story about love and unexpected challenges.
s932,Movie,The Secret Island 932,Emma Carter,Priya Lee; Sophia Wilson; Sneha Sharma,United Kingdom,December 05 2025,2025,NR,134 min,Documentaries,A documentaries story about friendship and unexpected challenges.
s933,TV Show,The Last Chapter 933,Daniel Martin,Priya Smith; Rohan Patel; Kabir Khan,India,October 02 2024,2024,TV-MA,3 Seasons,"Kids' TV, International Movies","A kids' tv, international movies story about friendship and unexpected challenges."
s934,Movie,Summer Rain 934,Priya Das,Karan Patel; Rohan Mehta; Ishita Gupta,Japan,March 10 2025,2023,TV-Y7,122 min,"Kids' TV, Action & Adventure","A kids' tv, action & adventure story about ambition and unexpected challenges."
s935,TV Show,Hidden Stories 935,Sarah Wilson,Ananya Gupta; Rahul Gupta; Karan Gupta,India,June 22 2025,2020,TV-14,4 Seasons,Romantic Movies,A romantic movies story about love and unexpected challenges.
s936,TV Show,Dark Streets 936,Raj Mehta,Sophia Das; Meera Martin; Karan Smith,Canada,July 18 2025,2012,TV-Y7,3 Seasons,"Romantic Movies, Horror Movies","A romantic movies, horror movies story about friendship and unexpected challenges."
s937,Movie,The Secret Island 937,Priya Das,Aditya Singh; Liam Mehta; Liam Brown,Mexico,February 21 2021,2020,PG,154 min,Stand-Up Comedy,A stand-up comedy story about mystery and unexpected challenges.
s938,Movie,The Silent City 938,John Smith,Aarav Das; Vikram Brown; Daniel Mehta,India,February 23 2023,2020,NR,175 min,"Horror Movies, Stand-Up Comedy","A horror movies, stand-up comedy story about adventure and unexpected challenges."
s939,Movie,Hidden Truth 939,David Lee,Noah Johnson; Aditi Das; Noah Lee,United States,June 23 2024,2017,TV-Y7,100 min,Stand-Up Comedy,A stand-up comedy story about love and unexpected challenges.
s940,Movie,Broken Dreams 940,Ravi Kumar,Vikram Thomas; Karan Martin; Meera Patel,United Kingdom,January 16 2024,2019,R,82 min,"Horror Movies, International Movies","A horror movies, international movies story about love and unexpected challenges."
s941,Movie,The Silent City 941,David Lee,Riya Sen; Aarav Martin; Daniel Khan,United States,February 09 2023,2020,PG,105 min,Thrillers,A thrillers story about love and unexpected challenges.
s942,TV Show,The New Beginning 942,David Lee,Mia Das; Aarav Lee; Sneha Sen,Spain,June 20 2023,2020,TV-14,5 Seasons,"Dramas, Stand-Up Comedy","A dramas, stand-up comedy story about love and unexpected challenges."
s943,Movie,A New Beginning 943,Anil Sharma,Mia Brown; Arjun Patel; Emma Mehta,France,November 18 2025,2003,TV-MA,120 min,Stand-Up Comedy,A stand-up comedy story about friendship and unexpected challenges.
s944,Movie,Shadow Hunter 944,Daniel Martin,Olivia Khan; Neha Sen; Rohan Martin,Brazil,August 18 2019,2018,TV-MA,143 min,Documentaries,A documentaries story about love and unexpected challenges.
s945,TV Show,The Last Chapter 945,Daniel Martin,Emma Lee; Sophia Roy; Lucas Lee,Germany,February 11 2024,2017,TV-14,7 Seasons,Thrillers,A thrillers story about adventure and unexpected challenges.
s946,Movie,The Last Journey 946,Anil Sharma,Emma Brown; Vikram Singh; Liam Wilson,India,December 19 2025,2022,TV-Y7,160 min,Horror Movies,A horror movies story about adventure and unexpected challenges.
s947,Movie,The Last Journey 947,David Lee,Kabir Brown; Aditi Patel; Sneha Brown,Australia,May 27 2025,2024,PG-13,89 min,Horror Movies,A horror movies story about adventure and unexpected challenges.
s948,TV Show,Hidden Stories 948,Arjun Roy,Arjun Thomas; Ananya Smith; Olivia Mehta,United States,December 02 2022,2006,G,3 Seasons,Comedies,A comedies story about ambition and unexpected challenges.
s949,Movie,The Last Signal 949,Raj Mehta,Olivia Das; Neha Patel; Arjun Johnson,United States,December 04 2022,2007,TV-PG,166 min,"Crime TV Shows, Horror Movies","A crime tv shows, horror movies story about family and unexpected challenges."
s950,Movie,The Last Signal 950,Michael Brown,Aditi Thomas; Vikram Martin; Ananya Singh,France,December 24 2023,2023,TV-MA,87 min,"Stand-Up Comedy, International Movies","A stand-up comedy, international movies story about ambition and unexpected challenges."
s951,TV Show,The New Beginning 951,Sarah Wilson,Aditya Brown; Sophia Smith; Liam Sharma,Canada,August 01 2025,2018,NR,2 Seasons,Documentaries,A documentaries story about mystery and unexpected challenges.
s952,Movie,Summer Rain 952,Unknown,Lucas Thomas; Sophia Sen; Vikram Wilson,United States,June 24 2024,2007,PG,76 min,Romantic Movies,A romantic movies story about ambition and unexpected challenges.
s953,Movie,The Last Signal 953,Arjun Roy,Sophia Wilson; Rohan Smith; Vikram Khan,Mexico,December 26 2023,2020,TV-MA,158 min,Dramas,A dramas story about mystery and unexpected challenges.
s954,TV Show,The Family House 954,Priya Das,Kabir Martin; Kabir Roy; Sophia Patel,United States,October 23 2021,2002,TV-Y7,4 Seasons,Action & Adventure,A action & adventure story about mystery and unexpected challenges.
s955,Movie,The Last Signal 955,Emma Carter,Ishita Johnson; Aditi Singh; Olivia Sen,Canada,March 15 2024,2013,NR,139 min,International TV Shows,A international tv shows story about friendship and unexpected challenges.
s956,TV Show,The Final Season 956,Arjun Roy,Emma Brown; Kabir Das; Sneha Khan,South Korea,April 15 2023,2019,TV-Y7,3 Seasons,Comedies,A comedies story about love and unexpected challenges.
s957,Movie,Final Mission 957,Nina Patel,Lucas Lee; Vikram Johnson; Rahul Johnson,United Kingdom,June 24 2024,2024,R,143 min,Crime TV Shows,A crime tv shows story about friendship and unexpected challenges.
s958,TV Show,The Last Chapter 958,Anil Sharma,Lucas Roy; Aditya Smith; Riya Wilson,India,November 12 2023,2018,PG,5 Seasons,Kids' TV,A kids' tv story about love and unexpected challenges.
s959,Movie,Broken Dreams 959,Unknown,Karan Mehta; Aarav Lee; Meera Johnson,India,March 02 2024,2006,PG,146 min,Sports Movies,A sports movies story about mystery and unexpected challenges.
s960,TV Show,The Village 960,Daniel Martin,Rohan Sharma; Karan Martin; Rahul Wilson,India,August 18 2023,2001,NR,1 Seasons,Documentaries,A documentaries story about love and unexpected challenges.
s961,Movie,A New Beginning 961,Anil Sharma,Aditi Brown; Lucas Brown; Neha Sen,France,June 26 2024,2017,R,101 min,Sci-Fi & Fantasy,A sci-fi & fantasy story about love and unexpected challenges.
s962,Movie,Shadow Hunter 962,Daniel Martin,Daniel Brown; Neha Lee; Lucas Johnson,United States,June 24 2021,2010,R,121 min,"Dramas, Sports Movies","A dramas, sports movies story about mystery and unexpected challenges."
s963,Movie,The Great Escape 963,Michael Brown,Sophia Lee; Olivia Singh; Olivia Wilson,Canada,December 05 2020,2005,PG-13,105 min,"International Movies, Sci-Fi & Fantasy","A international movies, sci-fi & fantasy story about ambition and unexpected challenges."
s964,Movie,Lost Memories 964,Arjun Roy,Aditya Johnson; Neha Singh; Riya Lee,United States,August 03 2022,2018,PG-13,123 min,"Comedies, Sports Movies","A comedies, sports movies story about love and unexpected challenges."
s965,Movie,Midnight Road 965,Sarah Wilson,Rahul Gupta; Mia Lee; Ishita Martin,United States,September 20 2025,2020,TV-Y7,118 min,"Kids' TV, Stand-Up Comedy","A kids' tv, stand-up comedy story about ambition and unexpected challenges."
s966,TV Show,The Last Chapter 966,Michael Brown,Aarav Khan; Priya Brown; Vikram Singh,United Kingdom,June 12 2025,2025,TV-PG,5 Seasons,Horror Movies,A horror movies story about mystery and unexpected challenges.
s967,TV Show,Future World 967,Emma Carter,Vikram Martin; Emma Wilson; Olivia Gupta,United States,July 18 2024,2007,TV-Y,7 Seasons,Children & Family Movies,A children & family movies story about family and unexpected challenges.
s968,Movie,A New Beginning 968,Ravi Kumar,Priya Mehta; Ananya Gupta; Sneha Khan,Australia,April 20 2020,2008,G,132 min,"Crime TV Shows, Romantic Movies","A crime tv shows, romantic movies story about mystery and unexpected challenges."
s969,Movie,Midnight Road 969,Raj Mehta,Emma Lee; Priya Roy; Ishita Sen,India,October 25 2021,2015,NR,113 min,"Horror Movies, Sports Movies","A horror movies, sports movies story about ambition and unexpected challenges."
s970,TV Show,The Last Chapter 970,,Olivia Patel; Rahul Sen; Rahul Johnson,United States,August 08 2025,2014,NR,4 Seasons,Dramas,A dramas story about love and unexpected challenges.
s971,Movie,Summer Rain 971,David Lee,Meera Brown; Rohan Das; Emma Sen,India,December 10 2022,2017,TV-Y7,101 min,"International Movies, Children & Family Movies","A international movies, children & family movies story about friendship and unexpected challenges."
s972,Movie,The Secret Island 972,Sarah Wilson,Ananya Brown; Aditya Patel; Sneha Wilson,United States,April 24 2019,2010,TV-MA,75 min,"Documentaries, International TV Shows","A documentaries, international tv shows story about family and unexpected challenges."
s973,Movie,The Great Escape 973,Priya Das,Rahul Martin; Neha Thomas; Priya Smith,United States,May 21 2022,2017,PG-13,158 min,"Horror Movies, Action & Adventure","A horror movies, action & adventure story about friendship and unexpected challenges."
s974,Movie,The Last Journey 974,Emma Carter,Arjun Brown; Neha Khan; Neha Wilson,Germany,December 15 2021,2001,R,128 min,"Romantic Movies, International Movies","A romantic movies, international movies story about mystery and unexpected challenges."
s975,Movie,The Last Journey 975,Ravi Kumar,Ishita Singh; Neha Smith; Ishita Sharma,United States,February 18 2018,2018,G,100 min,Romantic Movies,A romantic movies story about adventure and unexpected challenges.
s976,Movie,Summer Rain 976,Anil Sharma,Rohan Lee; Mia Brown; Sneha Martin,United States,November 21 2022,2013,TV-14,110 min,"Crime TV Shows, Children & Family Movies","A crime tv shows, children & family movies story about ambition and unexpected challenges."
s977,Movie,Final Mission 977,Emma Carter,Kabir Khan; Lucas Wilson; Kabir Lee,Mexico,October 07 2018,2013,TV-14,86 min,"International TV Shows, Romantic Movies","A international tv shows, romantic movies story about love and unexpected challenges."
s978,TV Show,The Village 978,Nina Patel,Vikram Mehta; Olivia Singh; Aarav Thomas,United States,July 09 2021,2002,R,2 Seasons,"Sci-Fi & Fantasy, Documentaries","A sci-fi & fantasy, documentaries story about mystery and unexpected challenges."
s979,TV Show,The Family House 979,Daniel Martin,Rohan Roy; Lucas Singh; Emma Johnson,France,July 27 2022,2015,TV-Y,5 Seasons,Kids' TV,A kids' tv story about ambition and unexpected challenges.
s980,Movie,The Silent City 980,David Lee,Sophia Roy; Lucas Roy; Daniel Sen,United States,May 26 2021,2012,G,137 min,"Comedies, Documentaries","A comedies, documentaries story about mystery and unexpected challenges."
s981,Movie,Hidden Truth 981,Arjun Roy,Arjun Roy; Aditya Smith; Ishita Smith,India,April 13 2021,2012,NR,137 min,Dramas,A dramas story about ambition and unexpected challenges.
s982,TV Show,The Final Season 982,Sarah Wilson,Vikram Patel; Priya Das; Meera Mehta,United Kingdom,March 23 2018,2016,TV-Y,1 Seasons,"Kids' TV, International Movies","A kids' tv, international movies story about friendship and unexpected challenges."
s983,Movie,A New Beginning 983,Ravi Kumar,Ananya Johnson; Kabir Brown; Ananya Sharma,India,October 05 2020,2016,G,138 min,Action & Adventure,A action & adventure story about adventure and unexpected challenges.
s984,TV Show,Life in Mumbai 984,Ravi Kumar,Vikram Martin; Ananya Mehta; Priya Martin,Italy,July 01 2024,2002,TV-14,5 Seasons,"Romantic Movies, International Movies","A romantic movies, international movies story about mystery and unexpected challenges."
s985,TV Show,World of Dreams 985,Daniel Martin,Rohan Patel; Rohan Brown; Ananya Johnson,Canada,March 10 2021,2012,G,5 Seasons,Dramas,A dramas story about ambition and unexpected challenges.
s986,Movie,Midnight Road 986,David Lee,Aditya Lee; Rohan Roy; Meera Gupta,Spain,August 08 2025,2021,TV-PG,179 min,"Comedies, Thrillers","A comedies, thrillers story about mystery and unexpected challenges."
s987,Movie,Midnight Road 987,David Lee,Aarav Lee; Olivia Singh; Vikram Gupta,Spain,April 10 2025,2025,TV-Y7,121 min,Kids' TV,A kids' tv story about mystery and unexpected challenges.
s988,TV Show,City Lights 988,Raj Mehta,Karan Mehta; Vikram Singh; Sneha Johnson,United States,May 09 2023,2017,TV-Y,3 Seasons,Crime TV Shows,A crime tv shows story about ambition and unexpected challenges.
s989,TV Show,The Final Season 989,Unknown,Rahul Roy; Liam Thomas; Priya Khan,Japan,August 13 2022,2005,TV-MA,4 Seasons,International TV Shows,A international tv shows story about mystery and unexpected challenges.
s990,TV Show,Life in Mumbai 990,Michael Brown,Noah Patel; Riya Thomas; Neha Sen,United States,November 15 2023,2000,NR,4 Seasons,"Horror Movies, International Movies","A horror movies, international movies story about family and unexpected challenges."
s991,Movie,The Last Signal 991,David Lee,Noah Gupta; Aditi Smith; Aditi Roy,United States,April 06 2020,2020,TV-14,174 min,Thrillers,A thrillers story about adventure and unexpected challenges.
s992,Movie,The Great Escape 992,Priya Das,Emma Sen; Emma Sen; Mia Sen,India,April 15 2019,2008,TV-MA,157 min,"Sports Movies, Romantic Movies","A sports movies, romantic movies story about mystery and unexpected challenges."
s993,Movie,The Secret Island 993,Michael Brown,Vikram Wilson; Riya Martin; Sophia Lee,United Kingdom,October 21 2025,2019,R,147 min,"Horror Movies, Romantic Movies","A horror movies, romantic movies story about mystery and unexpected challenges."
s994,Movie,Summer Rain 994,Unknown,Riya Brown; Vikram Johnson; Meera Smith,Canada,December 03 2025,2023,TV-PG,117 min,Kids' TV,A kids' tv story about ambition and unexpected challenges.
s995,Movie,Summer Rain 995,,Ananya Brown; Kabir Singh; Aditi Singh,India,June 24 2021,2014,TV-Y7,167 min,Kids' TV,A kids' tv story about mystery and unexpected challenges.
s996,TV Show,The Village 996,Daniel Martin,Rahul Gupta; Arjun Gupta; Liam Martin,United States,June 24 2023,2017,PG-13,6 Seasons,Documentaries,A documentaries story about mystery and unexpected challenges.
s997,Movie,Shadow Hunter 997,Michael Brown,Noah Singh; Ananya Johnson; Karan Lee,Mexico,October 07 2019,2013,G,130 min,Sci-Fi & Fantasy,A sci-fi & fantasy story about friendship and unexpected challenges.
s998,TV Show,The Family House 998,Unknown,Liam Sen; Vikram Lee; Vikram Mehta,United States,August 02 2024,2021,PG-13,1 Seasons,"Romantic Movies, Crime TV Shows","A romantic movies, crime tv shows story about adventure and unexpected challenges."
s999,Movie,Broken Dreams 999,John Smith,Ananya Singh; Rahul Das; Kabir Thomas,Mexico,May 27 2024,2020,TV-14,162 min,Children & Family Movies,A children & family movies story about ambition and unexpected challenges.
s1000,Movie,Hidden Truth 1000,Unknown,Priya Das; Rohan Khan; Vikram Thomas,United States,April 05 2021,2020,G,109 min,"International TV Shows, International Movies","A international tv shows, international movies story about love and unexpected challenges."
